,0
0,-197
1,-182
2,-167
3,-155
4,-145
5,-141
6,-138
7,-131
8,-124
9,-116
10,-114
11,-116
12,-124
13,-126
14,-121
15,-126
16,-131
17,-133
18,-133
19,-128
20,-119
21,-111
22,-111
23,-114
24,-111
25,-104
26,-92
27,-82
28,-82
29,-85
30,-85
31,-87
32,-87
33,-80
34,-65
35,-63
36,-65
37,-72
38,-68
39,-53
40,-48
41,-53
42,-51
43,-58
44,-77
45,-77
46,-58
47,-53
48,-53
49,-48
50,-65
51,-82
52,-75
53,-80
54,-87
55,-85
56,-82
57,-70
58,-65
59,-77
60,-80
61,24
62,328
63,798
64,1046
65,479
66,-501
67,-676
68,-218
69,-145
70,-274
71,-189
72,-136
73,-177
74,-158
75,-128
76,-133
77,-124
78,-104
79,-107
80,-111
81,-126
82,-141
83,-131
84,-107
85,-97
86,-85
87,-75
88,-77
89,-80
90,-72
91,-70
92,-72
93,-77
94,-80
95,-68
96,-60
97,-60
98,-60
99,-68
100,-85
101,-99
102,-107
103,-107
104,-99
105,-90
106,-82
107,-75
108,-68
109,-53
110,-41
111,-38
112,-46
113,-46
114,-41
115,-38
116,-38
117,-38
118,-38
119,-43
120,-51
121,-48
122,-46
123,-41
124,-36
125,-38
126,-55
127,-70
128,-65
129,-51
130,-48
131,-51
132,-53
133,-51
134,-43
135,-38
136,-34
137,-31
138,-34
139,-31
140,-24
141,-19
142,-19
143,-26
144,-55
145,-75
146,-68
147,-46
148,-24
149,-14
150,-24
151,-55
152,-75
153,-72
154,-75
155,-77
156,-70
157,-65
158,-60
159,-55
160,-51
161,-31
162,87
163,433
164,966
165,1185
166,489
167,-498
168,-547
169,-102
170,-124
171,-248
172,-143
173,-116
174,-167
175,-141
176,-124
177,-141
178,-124
179,-102
180,-107
181,-94
182,-77
183,-77
184,-70
185,-55
186,-51
187,-41
188,-31
189,-36
190,-38
191,-38
192,-60
193,-97
194,-111
195,-109
196,-111
197,-107
198,-99
199,-102
200,-107
201,-111
202,-124
203,-133
204,-138
205,-136
206,-124
207,-116
208,-121
209,-119
210,-104
211,-94
212,-85
213,-75
214,-72
215,-75
216,-70
217,-63
218,-60
219,-63
220,-65
221,-72
222,-75
223,-75
224,-77
225,-72
226,-72
227,-104
228,-133
229,-119
230,-102
231,-104
232,-99
233,-99
234,-104
235,-97
236,-85
237,-85
238,-82
239,-85
240,-104
241,-116
242,-114
243,-97
244,-70
245,-60
246,-60
247,-63
248,-65
249,-75
250,-80
251,-77
252,-80
253,-80
254,-68
255,-58
256,-53
257,-48
258,-12
259,165
260,598
261,1080
262,931
263,-48
264,-666
265,-316
266,-51
267,-221
268,-223
269,-121
270,-153
271,-167
272,-124
273,-119
274,-116
275,-97
276,-87
277,-87
278,-80
279,-65
280,-48
281,-41
282,-41
283,-31
284,-29
285,-29
286,-26
287,-31
288,-41
289,-51
290,-60
291,-72
292,-75
293,-68
294,-63
295,-58
296,-63
297,-75
298,-82
299,-82
300,-92
301,-97
302,-87
303,-77
304,-77
305,-75
306,-65
307,-60
308,-58
309,-72
310,-97
311,-94
312,-82
313,-82
314,-80
315,-75
316,-80
317,-82
318,-80
319,-77
320,-72
321,-70
322,-70
323,-70
324,-82
325,-99
326,-92
327,-80
328,-85
329,-90
330,-80
331,-77
332,-77
333,-77
334,-77
335,-68
336,-46
337,-36
338,-26
339,-24
340,-41
341,-65
342,-80
343,-72
344,-63
345,-63
346,-55
347,-58
348,-68
349,-63
350,-21
351,150
352,557
353,1051
354,1014
355,131
356,-591
357,-347
358,-19
359,-155
360,-216
361,-116
362,-124
363,-148
364,-109
365,-94
366,-109
367,-104
368,-97
369,-97
370,-85
371,-72
372,-80
373,-104
374,-109
375,-87
376,-75
377,-80
378,-80
379,-87
380,-104
381,-97
382,-72
383,-85
384,-99
385,-85
386,-72
387,-82
388,-94
389,-94
390,-116
391,-155
392,-165
393,-148
394,-143
395,-143
396,-133
397,-119
398,-111
399,-111
400,-111
401,-107
402,-99
403,-94
404,-92
405,-94
406,-87
407,-82
408,-87
409,-87
410,-82
411,-80
412,-80
413,-77
414,-75
415,-70
416,-60
417,-55
418,-58
419,-58
420,-53
421,-55
422,-60
423,-68
424,-65
425,-38
426,-17
427,-7
428,2
429,-7
430,-26
431,-43
432,-55
433,-55
434,-46
435,-38
436,-38
437,-43
438,-41
439,-26
440,60
441,340
442,829
443,1165
444,688
445,-294
446,-518
447,-82
448,-48
449,-250
450,-197
451,-128
452,-165
453,-150
454,-111
455,-126
456,-150
457,-148
458,-133
459,-131
460,-131
461,-124
462,-124
463,-126
464,-124
465,-121
466,-116
467,-119
468,-133
469,-138
470,-136
471,-138
472,-143
473,-143
474,-136
475,-128
476,-114
477,-109
478,-114
479,-121
480,-133
481,-141
482,-136
483,-124
484,-111
485,-99
486,-92
487,-92
488,-85
489,-75
490,-70
491,-68
492,-70
493,-72
494,-68
495,-68
496,-77
497,-85
498,-90
499,-87
500,-82
501,-77
502,-72
503,-68
504,-65
505,-58
506,-58
507,-65
508,-55
509,-46
510,-53
511,-65
512,-65
513,-51
514,-21
515,-2
516,7
517,2
518,-24
519,-63
520,-92
521,-92
522,-90
523,-82
524,-72
525,-75
526,-72
527,-63
528,-17
529,221
530,717
531,1160
532,883
533,-121
534,-632
535,-243
536,-17
537,-180
538,-163
539,-65
540,-99
541,-109
542,-63
543,-51
544,-55
545,-53
546,-51
547,-43
548,-36
549,-26
550,-19
551,-12
552,-4
553,-2
554,2
555,7
556,2
557,-9
558,-14
559,-19
560,-31
561,-36
562,-29
563,-36
564,-58
565,-72
566,-82
567,-104
568,-121
569,-138
570,-158
571,-153
572,-136
573,-128
574,-119
575,-109
576,-107
577,-104
578,-97
579,-85
580,-75
581,-72
582,-77
583,-77
584,-77
585,-85
586,-94
587,-114
588,-141
589,-160
590,-153
591,-141
592,-143
593,-145
594,-148
595,-158
596,-150
597,-126
598,-107
599,-97
600,-77
601,-68
602,-72
603,-77
604,-77
605,-77
606,-75
607,-70
608,-60
609,-53
610,-48
611,-36
612,12
613,204
614,622
615,1126
616,1116
617,211
618,-566
619,-335
620,7
621,-124
622,-160
623,-53
624,-82
625,-116
626,-65
627,-46
628,-58
629,-48
630,-29
631,-19
632,-17
633,-14
634,-7
635,2
636,4
637,9
638,12
639,9
640,9
641,0
642,-21
643,-24
644,-19
645,-36
646,-53
647,-46
648,-36
649,-46
650,-53
651,-55
652,-77
653,-111
654,-121
655,-116
656,-111
657,-102
658,-92
659,-99
660,-97
661,-82
662,-75
663,-80
664,-94
665,-116
666,-124
667,-126
668,-138
669,-141
670,-138
671,-148
672,-155
673,-153
674,-148
675,-141
676,-133
677,-141
678,-148
679,-136
680,-126
681,-136
682,-148
683,-133
684,-114
685,-97
686,-80
687,-70
688,-82
689,-109
690,-121
691,-104
692,-87
693,-90
694,-87
695,-77
696,-82
697,-82
698,-46
699,109
700,506
701,1075
702,1245
703,455
704,-486
705,-418
706,-9
707,-109
708,-218
709,-111
710,-99
711,-133
712,-92
713,-63
714,-72
715,-68
716,-51
717,-41
718,-51
719,-72
720,-80
721,-77
722,-70
723,-63
724,-53
725,-43
726,-38
727,-48
728,-60
729,-58
730,-55
731,-70
732,-82
733,-68
734,-55
735,-58
736,-58
737,-65
738,-85
739,-97
740,-109
741,-138
742,-145
743,-126
744,-121
745,-121
746,-114
747,-109
748,-102
749,-94
750,-94
751,-94
752,-104
753,-121
754,-121
755,-107
756,-97
757,-102
758,-109
759,-109
760,-114
761,-121
762,-124
763,-114
764,-119
765,-133
766,-141
767,-141
768,-143
769,-148
770,-148
771,-126
772,-97
773,-92
774,-92
775,-77
776,-82
777,-102
778,-107
779,-102
780,-99
781,-87
782,-75
783,-77
784,-97
785,-114
786,-58
787,172
788,630
789,1124
790,997
791,21
792,-625
793,-282
794,-14
795,-201
796,-204
797,-94
798,-131
799,-148
800,-92
801,-80
802,-82
803,-63
804,-58
805,-60
806,-43
807,-26
808,-19
809,-14
810,-31
811,-60
812,-51
813,-31
814,-48
815,-85
816,-104
817,-109
818,-109
819,-104
820,-97
821,-90
822,-87
823,-92
824,-102
825,-102
826,-104
827,-114
828,-116
829,-111
830,-107
831,-99
832,-87
833,-77
834,-70
835,-68
836,-72
837,-77
838,-70
839,-65
840,-70
841,-70
842,-70
843,-72
844,-72
845,-72
846,-75
847,-72
848,-77
849,-87
850,-85
851,-77
852,-82
853,-90
854,-92
855,-97
856,-104
857,-107
858,-102
859,-102
860,-102
861,-109
862,-121
863,-111
864,-87
865,-65
866,-48
867,-41
868,-51
869,-63
870,-70
871,-65
872,-55
873,-53
874,-55
875,-55
876,-53
877,-46
878,-9
879,119
880,445
881,946
882,1155
883,476
884,-447
885,-445
886,-41
887,-126
888,-250
889,-128
890,-102
891,-143
892,-107
893,-85
894,-94
895,-77
896,-53
897,-48
898,-41
899,-29
900,-24
901,-14
902,-2
903,9
904,17
905,14
906,4
907,0
908,4
909,2
910,-4
911,-7
912,-14
913,-17
914,-4
915,2
916,-7
917,-21
918,-41
919,-58
920,-58
921,-53
922,-51
923,-46
924,-46
925,-48
926,-46
927,-43
928,-41
929,-38
930,-38
931,-43
932,-46
933,-41
934,-38
935,-46
936,-55
937,-63
938,-65
939,-63
940,-60
941,-63
942,-70
943,-80
944,-92
945,-119
946,-148
947,-153
948,-145
949,-150
950,-153
951,-148
952,-141
953,-136
954,-136
955,-138
956,-158
957,-177
958,-165
959,-153
960,-158
961,-158
962,-155
963,-163
964,-155
965,-131
966,-109
967,-90
968,-75
969,-80
970,-92
971,-99
972,-102
973,-92
974,-80
975,-80
976,-87
977,-90
978,-85
979,-63
980,36
981,316
982,790
983,1109
984,639
985,-316
986,-528
987,-85
988,-31
989,-201
990,-131
991,-65
992,-107
993,-90
994,-58
995,-70
996,-65
997,-41
998,-31
999,-24
1000,-14
1001,-17
1002,-14
1003,-2
1004,4
1005,7
1006,9
1007,0
1008,-24
1009,-38
1010,-46
1011,-70
1012,-94
1013,-97
1014,-102
1015,-99
1016,-80
1017,-72
1018,-80
1019,-90
1020,-102
1021,-107
1022,-102
1023,-97
1024,-92
1025,-97
1026,-121
1027,-131
1028,-116
1029,-104
1030,-102
1031,-107
1032,-119
1033,-126
1034,-128
1035,-133
1036,-133
1037,-128
1038,-133
1039,-141
1040,-141
1041,-141
1042,-138
1043,-138
1044,-141
1045,-136
1046,-128
1047,-121
1048,-111
1049,-109
1050,-109
1051,-104
1052,-99
1053,-94
1054,-90
1055,-82
1056,-77
1057,-80
1058,-77
1059,-68
1060,-58
1061,-55
1062,-53
1063,-48
1064,-55
1065,-60
1066,-51
1067,-43
1068,-36
1069,-21
1070,-2
1071,2
1072,-12
1073,-24
1074,-36
1075,-38
1076,-21
1077,-26
1078,-48
1079,-46
1080,-34
1081,-31
1082,19
1083,228
1084,649
1085,1104
1086,985
1087,68
1088,-581
1089,-296
1090,2
1091,-121
1092,-136
1093,-38
1094,-60
1095,-75
1096,-34
1097,-31
1098,-51
1099,-43
1100,-29
1101,-31
1102,-51
1103,-60
1104,-53
1105,-53
1106,-51
1107,-41
1108,-43
1109,-48
1110,-48
1111,-43
1112,-41
1113,-46
1114,-58
1115,-75
1116,-85
1117,-80
1118,-80
1119,-85
1120,-92
1121,-114
1122,-133
1123,-136
1124,-145
1125,-155
1126,-148
1127,-136
1128,-136
1129,-136
1130,-116
1131,-97
1132,-92
1133,-94
1134,-87
1135,-85
1136,-94
1137,-104
1138,-104
1139,-111
1140,-121
1141,-116
1142,-111
1143,-119
1144,-133
1145,-136
1146,-131
1147,-131
1148,-128
1149,-126
1150,-121
1151,-109
1152,-109
1153,-111
1154,-94
1155,-82
1156,-87
1157,-85
1158,-85
1159,-90
1160,-87
1161,-72
1162,-63
1163,-55
1164,-46
1165,-24
1166,-12
1167,-29
1168,-51
1169,-65
1170,-58
1171,-48
1172,-53
1173,-51
1174,-31
1175,-26
1176,-29
1177,19
1178,206
1179,593
1180,1051
1181,1002
1182,99
1183,-654
1184,-418
1185,-82
1186,-192
1187,-204
1188,-97
1189,-121
1190,-136
1191,-92
1192,-82
1193,-75
1194,-51
1195,-46
1196,-38
1197,-26
1198,-26
1199,-21
1200,-7
1201,-4
1202,-9
1203,-12
1204,-17
1205,-29
1206,-48
1207,-53
1208,-46
1209,-70
1210,-104
1211,-94
1212,-72
1213,-82
1214,-94
1215,-99
1216,-114
1217,-133
1218,-148
1219,-150
1220,-138
1221,-124
1222,-131
1223,-133
1224,-107
1225,-82
1226,-72
1227,-51
1228,-46
1229,-65
1230,-77
1231,-65
1232,-51
1233,-48
1234,-60
1235,-75
1236,-77
1237,-70
1238,-72
1239,-70
1240,-53
1241,-60
1242,-75
1243,-58
1244,-38
1245,-51
1246,-51
1247,-55
1248,-87
1249,-97
1250,-82
1251,-90
1252,-75
1253,-38
1254,-34
1255,-31
1256,-17
1257,-17
1258,-46
1259,-58
1260,-43
1261,-26
1262,-19
1263,-24
1264,-38
1265,-41
1266,-34
1267,34
1268,291
1269,785
1270,1267
1271,1039
1272,-31
1273,-659
1274,-289
1275,-58
1276,-238
1277,-206
1278,-97
1279,-138
1280,-143
1281,-94
1282,-90
1283,-92
1284,-77
1285,-68
1286,-53
1287,-36
1288,-31
1289,-24
1290,-17
1291,-19
1292,-24
1293,-24
1294,-19
1295,-9
1296,-17
1297,-41
1298,-46
1299,-48
1300,-68
1301,-77
1302,-75
1303,-77
1304,-97
1305,-119
1306,-131
1307,-148
1308,-150
1309,-141
1310,-143
1311,-153
1312,-141
1313,-124
1314,-128
1315,-111
1316,-63
1317,-58
1318,-85
1319,-75
1320,-60
1321,-53
1322,-36
1323,-51
1324,-97
1325,-107
1326,-92
1327,-92
1328,-97
1329,-104
1330,-116
1331,-104
1332,-90
1333,-102
1334,-107
1335,-82
1336,-85
1337,-114
1338,-80
1339,-24
1340,-38
1341,-75
1342,-77
1343,-72
1344,-85
1345,-90
1346,-77
1347,-58
1348,-46
1349,-53
1350,-75
1351,-51
1352,-14
1353,41
1354,294
1355,802
1356,1275
1357,1019
1358,-58
1359,-635
1360,-206
1361,19
1362,-184
1363,-153
1364,-55
1365,-107
1366,-99
1367,-48
1368,-70
1369,-85
1370,-43
1371,-17
1372,-26
1373,-17
1374,-2
1375,4
1376,17
1377,24
1378,34
1379,55
1380,55
1381,51
1382,51
1383,36
1384,9
1385,-12
1386,-14
1387,-14
1388,-38
1389,-60
1390,-68
1391,-97
1392,-136
1393,-165
1394,-187
1395,-192
1396,-182
1397,-182
1398,-182
1399,-165
1400,-145
1401,-131
1402,-116
1403,-107
1404,-104
1405,-97
1406,-92
1407,-97
1408,-97
1409,-90
1410,-87
1411,-87
1412,-90
1413,-102
1414,-90
1415,-80
1416,-90
1417,-80
1418,-60
1419,-63
1420,-77
1421,-77
1422,-60
1423,-58
1424,-70
1425,-70
1426,-48
1427,-34
1428,-26
1429,-21
1430,-21
1431,-24
1432,-31
1433,-38
1434,-36
1435,-26
1436,-19
1437,-14
1438,-12
1439,-12
1440,-9
1441,65
1442,350
1443,871
1444,1316
1445,961
1446,-141
1447,-593
1448,-128
1449,26
1450,-172
1451,-111
1452,-29
1453,-90
1454,-77
1455,-21
1456,-34
1457,-46
1458,-34
1459,-26
1460,-14
1461,0
1462,0
1463,4
1464,24
1465,26
1466,14
1467,24
1468,41
1469,24
1470,-21
1471,-41
1472,-43
1473,-70
1474,-80
1475,-75
1476,-102
1477,-119
1478,-119
1479,-136
1480,-155
1481,-163
1482,-175
1483,-192
1484,-187
1485,-180
1486,-180
1487,-167
1488,-172
1489,-184
1490,-165
1491,-138
1492,-143
1493,-150
1494,-133
1495,-121
1496,-121
1497,-116
1498,-109
1499,-119
1500,-121
1501,-116
1502,-121
1503,-111
1504,-99
1505,-104
1506,-104
1507,-102
1508,-102
1509,-99
1510,-90
1511,-82
1512,-87
1513,-87
1514,-75
1515,-77
1516,-75
1517,-60
1518,-58
1519,-63
1520,-55
1521,-60
1522,-75
1523,-68
1524,-63
1525,-65
1526,-51
1527,-26
1528,-19
1529,-14
1530,-9
1531,-17
1532,-31
1533,-43
1534,-38
1535,-26
1536,-26
1537,-31
1538,-34
1539,-60
1540,-107
1541,-77
1542,109
1543,503
1544,1051
1545,1267
1546,535
1547,-474
1548,-486
1549,-60
1550,-128
1551,-228
1552,-116
1553,-114
1554,-160
1555,-114
1556,-85
1557,-94
1558,-80
1559,-68
1560,-70
1561,-55
1562,-36
1563,-29
1564,-19
1565,-2
1566,2
1567,-2
1568,-4
1569,-2
1570,7
1571,4
1572,-21
1573,-34
1574,-19
1575,-19
1576,-31
1577,-36
1578,-51
1579,-72
1580,-82
1581,-90
1582,-99
1583,-109
1584,-119
1585,-136
1586,-143
1587,-126
1588,-121
1589,-138
1590,-136
1591,-119
1592,-116
1593,-109
1594,-94
1595,-92
1596,-99
1597,-99
1598,-94
1599,-92
1600,-92
1601,-90
1602,-92
1603,-107
1604,-124
1605,-124
1606,-116
1607,-119
1608,-119
1609,-114
1610,-116
1611,-109
1612,-99
1613,-107
1614,-107
1615,-104
1616,-133
1617,-158
1618,-143
1619,-128
1620,-131
1621,-131
1622,-124
1623,-114
1624,-109
1625,-104
1626,-94
1627,-87
1628,-82
1629,-80
1630,-82
1631,-85
1632,-75
1633,-63
1634,-60
1635,-60
1636,-51
1637,-46
1638,-51
1639,-60
1640,-63
1641,-58
1642,-43
1643,-29
1644,-24
1645,-9
1646,4
1647,-4
1648,-19
1649,-41
1650,-58
1651,-41
1652,-26
1653,-31
1654,-31
1655,-31
1656,-31
1657,7
1658,167
1659,532
1660,1082
1661,1350
1662,678
1663,-360
1664,-469
1665,-51
1666,-99
1667,-238
1668,-131
1669,-114
1670,-187
1671,-153
1672,-109
1673,-128
1674,-126
1675,-94
1676,-85
1677,-80
1678,-70
1679,-70
1680,-72
1681,-77
1682,-85
1683,-80
1684,-70
1685,-75
1686,-77
1687,-75
1688,-80
1689,-85
1690,-82
1691,-107
1692,-143
1693,-145
1694,-133
1695,-143
1696,-155
1697,-158
1698,-170
1699,-177
1700,-172
1701,-175
1702,-172
1703,-163
1704,-160
1705,-155
1706,-131
1707,-114
1708,-109
1709,-102
1710,-94
1711,-94
1712,-92
1713,-97
1714,-97
1715,-87
1716,-92
1717,-107
1718,-104
1719,-90
1720,-85
1721,-92
1722,-94
1723,-90
1724,-87
1725,-82
1726,-75
1727,-80
1728,-82
1729,-72
1730,-68
1731,-68
1732,-60
1733,-51
1734,-60
1735,-85
1736,-94
1737,-85
1738,-75
1739,-72
1740,-68
1741,-65
1742,-68
1743,-72
1744,-65
1745,-63
1746,-80
1747,-80
1748,-63
1749,-60
1750,-55
1751,-53
1752,-58
1753,-68
1754,-63
1755,-63
1756,-72
1757,-85
1758,-87
1759,-68
1760,-46
1761,-60
1762,-80
1763,-75
1764,-68
1765,-70
1766,-70
1767,-75
1768,-80
1769,-82
1770,-80
1771,-80
1772,-82
1773,-90
1774,-70
1775,51
1776,384
1777,927
1778,1267
1779,732
1780,-326
1781,-586
1782,-165
1783,-126
1784,-279
1785,-199
1786,-155
1787,-197
1788,-167
1789,-128
1790,-136
1791,-126
1792,-107
1793,-107
1794,-104
1795,-87
1796,-68
1797,-55
1798,-46
1799,-43
1800,-58
1801,-65
1802,-48
1803,-36
1804,-34
1805,-41
1806,-46
1807,-48
1808,-51
1809,-65
1810,-77
1811,-77
1812,-87
1813,-104
1814,-109
1815,-109
1816,-119
1817,-128
1818,-131
1819,-126
1820,-119
1821,-111
1822,-104
1823,-92
1824,-87
1825,-87
1826,-72
1827,-55
1828,-51
1829,-48
1830,-55
1831,-80
1832,-97
1833,-85
1834,-77
1835,-90
1836,-90
1837,-87
1838,-94
1839,-102
1840,-97
1841,-104
1842,-119
1843,-116
1844,-111
1845,-109
1846,-102
1847,-102
1848,-104
1849,-94
1850,-85
1851,-90
1852,-90
1853,-85
1854,-82
1855,-72
1856,-77
1857,-94
1858,-99
1859,-102
1860,-104
1861,-102
1862,-97
1863,-97
1864,-94
1865,-109
1866,-133
1867,-133
1868,-119
1869,-121
1870,-126
1871,-121
1872,-119
1873,-116
1874,-119
1875,-119
1876,-119
1877,-128
1878,-133
1879,-114
1880,-82
1881,-72
1882,-63
1883,-55
1884,-60
1885,-58
1886,-58
1887,-65
1888,-63
1889,-60
1890,-55
1891,-48
1892,-38
1893,-38
1894,-14
1895,126
1896,508
1897,1090
1898,1360
1899,671
1900,-362
1901,-462
1902,-48
1903,-97
1904,-233
1905,-138
1906,-119
1907,-184
1908,-180
1909,-148
1910,-141
1911,-126
1912,-104
1913,-99
1914,-104
1915,-90
1916,-70
1917,-58
1918,-46
1919,-36
1920,-36
1921,-31
1922,-19
1923,-9
1924,-9
1925,-14
1926,-29
1927,-46
1928,-53
1929,-53
1930,-58
1931,-80
1932,-119
1933,-136
1934,-133
1935,-143
1936,-160
1937,-170
1938,-182
1939,-189
1940,-175
1941,-163
1942,-153
1943,-148
1944,-148
1945,-145
1946,-143
1947,-143
1948,-138
1949,-131
1950,-131
1951,-131
1952,-128
1953,-128
1954,-126
1955,-128
1956,-128
1957,-128
1958,-128
1959,-131
1960,-126
1961,-121
1962,-119
1963,-111
1964,-107
1965,-109
1966,-107
1967,-99
1968,-102
1969,-109
1970,-111
1971,-109
1972,-107
1973,-102
1974,-97
1975,-92
1976,-94
1977,-116
1978,-131
1979,-119
1980,-109
1981,-109
1982,-99
1983,-99
1984,-99
1985,-92
1986,-87
1987,-85
1988,-77
1989,-75
1990,-72
1991,-68
1992,-65
1993,-68
1994,-70
1995,-70
1996,-68
1997,-65
1998,-60
1999,-38
2000,-29
2001,-46
2002,-65
2003,-75
2004,-77
2005,-65
2006,-51
2007,-46
2008,-41
2009,-43
2010,-46
2011,-2
2012,175
2013,581
2014,1129
2015,1260
2016,457
2017,-447
2018,-360
2019,2
2020,-111
2021,-204
2022,-102
2023,-97
2024,-124
2025,-82
2026,-65
2027,-80
2028,-82
2029,-72
2030,-63
2031,-53
2032,-43
2033,-48
2034,-58
2035,-51
2036,-31
2037,-24
2038,-21
2039,-19
2040,-21
2041,-26
2042,-24
2043,-26
2044,-38
2045,-53
2046,-68
2047,-85
2048,-92
2049,-92
2050,-104
2051,-121
2052,-143
2053,-180
2054,-204
2055,-194
2056,-180
2057,-182
2058,-177
2059,-165
2060,-158
2061,-163
2062,-177
2063,-182
2064,-165
2065,-158
2066,-165
2067,-158
2068,-145
2069,-145
2070,-148
2071,-145
2072,-143
2073,-141
2074,-131
2075,-126
2076,-126
2077,-121
2078,-121
2079,-119
2080,-109
2081,-104
2082,-104
2083,-97
2084,-92
2085,-94
2086,-87
2087,-80
2088,-82
2089,-80
2090,-70
2091,-68
2092,-65
2093,-60
2094,-60
2095,-58
2096,-51
2097,-51
2098,-63
2099,-63
2100,-55
2101,-53
2102,-46
2103,-41
2104,-46
2105,-46
2106,-51
2107,-55
2108,-55
2109,-38
2110,-24
2111,-19
2112,-7
2113,4
2114,-2
2115,-12
2116,-24
2117,-34
2118,-26
2119,-19
2120,-14
2121,-7
2122,-9
2123,-17
2124,21
2125,214
2126,635
2127,1143
2128,1143
2129,240
2130,-557
2131,-347
2132,-14
2133,-155
2134,-211
2135,-121
2136,-163
2137,-192
2138,-131
2139,-114
2140,-119
2141,-102
2142,-97
2143,-99
2144,-94
2145,-82
2146,-70
2147,-63
2148,-65
2149,-58
2150,-43
2151,-36
2152,-36
2153,-38
2154,-43
2155,-51
2156,-53
2157,-53
2158,-55
2159,-60
2160,-68
2161,-85
2162,-109
2163,-126
2164,-138
2165,-153
2166,-165
2167,-172
2168,-175
2169,-167
2170,-158
2171,-148
2172,-143
2173,-138
2174,-131
2175,-121
2176,-111
2177,-109
2178,-104
2179,-104
2180,-104
2181,-104
2182,-99
2183,-99
2184,-102
2185,-102
2186,-102
2187,-102
2188,-97
2189,-92
2190,-94
2191,-92
2192,-90
2193,-94
2194,-109
2195,-124
2196,-121
2197,-109
2198,-114
2199,-138
2200,-145
2201,-131
2202,-126
2203,-124
2204,-114
2205,-114
2206,-114
2207,-104
2208,-97
2209,-94
2210,-90
2211,-87
2212,-97
2213,-99
2214,-90
2215,-68
2216,-43
2217,-24
2218,-21
2219,-34
2220,-46
2221,-48
2222,-48
2223,-43
2224,-38
2225,-48
2226,-55
2227,-53
2228,-41
2229,-14
2230,102
2231,420
2232,919
2233,1150
2234,528
2235,-394
2236,-440
2237,-26
2238,-65
2239,-197
2240,-94
2241,-60
2242,-107
2243,-85
2244,-63
2245,-65
2246,-53
2247,-38
2248,-34
2249,-29
2250,-29
2251,-21
2252,-4
2253,2
2254,7
2255,12
2256,7
2257,-2
2258,-9
2259,-14
2260,-31
2261,-65
2262,-90
2263,-87
2264,-85
2265,-85
2266,-80
2267,-87
2268,-121
2269,-160
2270,-170
2271,-167
2272,-172
2273,-172
2274,-167
2275,-160
2276,-150
2277,-141
2278,-138
2279,-138
2280,-141
2281,-153
2282,-153
2283,-141
2284,-136
2285,-138
2286,-138
2287,-143
2288,-145
2289,-145
2290,-150
2291,-153
2292,-150
2293,-153
2294,-150
2295,-143
2296,-136
2297,-131
2298,-128
2299,-126
2300,-121
2301,-116
2302,-114
2303,-109
2304,-104
2305,-102
2306,-94
2307,-92
2308,-92
2309,-87
2310,-85
2311,-87
2312,-94
2313,-94
2314,-72
2315,-48
2316,-41
2317,-31
2318,-21
2319,-38
2320,-58
2321,-68
2322,-75
2323,-72
2324,-58
2325,-53
2326,-72
2327,-94
2328,-87
2329,-24
2330,170
2331,588
2332,1034
2333,875
2334,-36
2335,-603
2336,-270
2337,-2
2338,-155
2339,-170
2340,-77
2341,-104
2342,-114
2343,-70
2344,-75
2345,-109
2346,-104
2347,-80
2348,-70
2349,-60
2350,-46
2351,-48
2352,-53
2353,-43
2354,-38
2355,-43
2356,-36
2357,-34
2358,-46
2359,-51
2360,-48
2361,-55
2362,-53
2363,-58
2364,-68
2365,-60
2366,-51
2367,-58
2368,-65
2369,-72
2370,-92
2371,-104
2372,-102
2373,-92
2374,-80
2375,-75
2376,-72
2377,-75
2378,-65
2379,-53
2380,-55
2381,-68
2382,-72
2383,-75
2384,-80
2385,-80
2386,-85
2387,-99
2388,-104
2389,-104
2390,-107
2391,-119
2392,-143
2393,-148
2394,-141
2395,-141
2396,-141
2397,-136
2398,-141
2399,-145
2400,-148
2401,-155
2402,-158
2403,-155
2404,-155
2405,-160
2406,-153
2407,-131
2408,-121
2409,-114
2410,-97
2411,-90
2412,-104
2413,-124
2414,-141
2415,-160
2416,-155
2417,-145
2418,-155
2419,-150
2420,-131
2421,-119
2422,-38
2423,233
2424,708
2425,1051
2426,630
2427,-350
2428,-666
2429,-228
2430,-75
2431,-214
2432,-150
2433,-87
2434,-138
2435,-128
2436,-85
2437,-80
2438,-72
2439,-48
2440,-41
2441,-46
2442,-38
2443,-17
2444,2
2445,12
2446,4
2447,2
2448,9
2449,14
2450,4
2451,0
2452,-4
2453,-21
2454,-26
2455,-9
2456,-17
2457,-46
2458,-53
2459,-55
2460,-82
2461,-102
2462,-97
2463,-99
2464,-107
2465,-111
2466,-111
2467,-97
2468,-77
2469,-75
2470,-68
2471,-60
2472,-63
2473,-63
2474,-51
2475,-43
2476,-41
2477,-48
2478,-58
2479,-60
2480,-58
2481,-58
2482,-60
2483,-65
2484,-72
2485,-82
2486,-77
2487,-58
2488,-53
2489,-58
2490,-80
2491,-116
2492,-121
2493,-94
2494,-72
2495,-65
2496,-68
2497,-63
2498,-58
2499,-68
2500,-75
2501,-75
2502,-75
2503,-70
2504,-68
2505,-68
2506,-58
2507,-53
2508,-53
2509,12
2510,248
2511,691
2512,1150
2513,1000
2514,4
2515,-674
2516,-350
2517,-65
2518,-216
2519,-216
2520,-107
2521,-138
2522,-167
2523,-138
2524,-121
2525,-119
2526,-107
2527,-92
2528,-80
2529,-70
2530,-58
2531,-46
2532,-38
2533,-29
2534,-19
2535,-9
2536,0
2537,-2
2538,-17
2539,-19
2540,-17
2541,-21
2542,-29
2543,-24
2544,-14
2545,-26
2546,-55
2547,-80
2548,-90
2549,-90
2550,-97
2551,-116
2552,-114
2553,-102
2554,-97
2555,-82
2556,-63
2557,-63
2558,-60
2559,-48
2560,-48
2561,-58
2562,-55
2563,-41
2564,-31
2565,-43
2566,-68
2567,-97
2568,-109
2569,-92
2570,-77
2571,-90
2572,-85
2573,-82
2574,-85
2575,-85
2576,-92
2577,-99
2578,-90
2579,-82
2580,-75
2581,-48
2582,-41
2583,-58
2584,-63
2585,-58
2586,-68
2587,-82
2588,-92
2589,-85
2590,-72
2591,-77
2592,-70
2593,9
2594,233
2595,686
2596,1192
2597,1073
2598,68
2599,-637
2600,-316
2601,-19
2602,-175
2603,-177
2604,-72
2605,-104
2606,-111
2607,-63
2608,-68
2609,-75
2610,-68
2611,-82
2612,-80
2613,-48
2614,-41
2615,-46
2616,-29
2617,-12
2618,-21
2619,-21
2620,0
2621,0
2622,-21
2623,-29
2624,-31
2625,-41
2626,-41
2627,-48
2628,-65
2629,-75
2630,-97
2631,-121
2632,-131
2633,-143
2634,-158
2635,-163
2636,-180
2637,-201
2638,-194
2639,-170
2640,-163
2641,-155
2642,-153
2643,-163
2644,-153
2645,-138
2646,-138
2647,-136
2648,-131
2649,-126
2650,-121
2651,-126
2652,-141
2653,-155
2654,-155
2655,-153
2656,-148
2657,-143
2658,-143
2659,-148
2660,-145
2661,-128
2662,-111
2663,-99
2664,-80
2665,-70
2666,-72
2667,-80
2668,-90
2669,-92
2670,-85
2671,-72
2672,-63
2673,-60
2674,-65
2675,-65
2676,-24
2677,148
2678,554
2679,1102
2680,1214
2681,369
2682,-535
2683,-411
2684,-19
2685,-121
2686,-199
2687,-90
2688,-94
2689,-121
2690,-75
2691,-51
2692,-58
2693,-51
2694,-46
2695,-38
2696,-24
2697,-14
2698,-4
2699,4
2700,9
2701,14
2702,24
2703,31
2704,31
2705,19
2706,2
2707,-7
2708,-7
2709,-14
2710,-19
2711,-17
2712,-46
2713,-90
2714,-102
2715,-104
2716,-126
2717,-143
2718,-163
2719,-182
2720,-170
2721,-148
2722,-141
2723,-136
2724,-131
2725,-126
2726,-114
2727,-97
2728,-92
2729,-94
2730,-92
2731,-87
2732,-97
2733,-109
2734,-114
2735,-121
2736,-131
2737,-131
2738,-136
2739,-148
2740,-148
2741,-143
2742,-153
2743,-158
2744,-145
2745,-124
2746,-109
2747,-94
2748,-90
2749,-94
2750,-107
2751,-116
2752,-107
2753,-94
2754,-97
2755,-94
2756,-82
2757,-80
2758,-80
2759,-46
2760,99
2761,491
2762,1075
2763,1292
2764,530
2765,-467
2766,-472
2767,-51
2768,-116
2769,-238
2770,-136
2771,-119
2772,-160
2773,-119
2774,-90
2775,-102
2776,-90
2777,-72
2778,-70
2779,-63
2780,-46
2781,-43
2782,-63
2783,-90
2784,-94
2785,-87
2786,-85
2787,-77
2788,-75
2789,-85
2790,-94
2791,-97
2792,-92
2793,-82
2794,-82
2795,-92
2796,-97
2797,-104
2798,-111
2799,-116
2800,-116
2801,-121
2802,-141
2803,-143
2804,-121
2805,-109
2806,-107
2807,-97
2808,-94
2809,-87
2810,-72
2811,-68
2812,-63
2813,-60
2814,-65
2815,-75
2816,-85
2817,-82
2818,-77
2819,-80
2820,-92
2821,-97
2822,-90
2823,-80
2824,-80
2825,-82
2826,-90
2827,-104
2828,-107
2829,-94
2830,-72
2831,-60
2832,-60
2833,-65
2834,-85
2835,-109
2836,-119
2837,-114
2838,-114
2839,-116
2840,-111
2841,-102
2842,-97
2843,-94
2844,-77
2845,24
2846,338
2847,890
2848,1275
2849,761
2850,-326
2851,-620
2852,-206
2853,-180
2854,-338
2855,-240
2856,-187
2857,-233
2858,-209
2859,-170
2860,-170
2861,-160
2862,-138
2863,-128
2864,-119
2865,-111
2866,-107
2867,-104
2868,-92
2869,-77
2870,-68
2871,-65
2872,-60
2873,-58
2874,-63
2875,-68
2876,-65
2877,-70
2878,-77
2879,-72
2880,-68
2881,-72
2882,-80
2883,-92
2884,-104
2885,-114
2886,-121
2887,-124
2888,-114
2889,-102
2890,-99
2891,-97
2892,-90
2893,-77
2894,-65
2895,-58
2896,-58
2897,-58
2898,-63
2899,-70
2900,-68
2901,-60
2902,-60
2903,-70
2904,-75
2905,-70
2906,-63
2907,-68
2908,-80
2909,-87
2910,-87
2911,-87
2912,-85
2913,-80
2914,-75
2915,-87
2916,-124
2917,-138
2918,-131
2919,-116
2920,-99
2921,-80
2922,-68
2923,-63
2924,-70
2925,-85
2926,-97
2927,-111
2928,-143
2929,-163
2930,-155
2931,-153
2932,-153
2933,-143
2934,-111
2935,38
2936,435
2937,990
2938,1153
2939,379
2940,-537
2941,-462
2942,-72
2943,-184
2944,-277
2945,-158
2946,-153
2947,-192
2948,-148
2949,-124
2950,-128
2951,-114
2952,-97
2953,-94
2954,-87
2955,-68
2956,-55
2957,-51
2958,-43
2959,-36
2960,-29
2961,-24
2962,-29
2963,-41
2964,-46
2965,-48
2966,-55
2967,-63
2968,-53
2969,-46
2970,-48
2971,-55
2972,-63
2973,-77
2974,-87
2975,-97
2976,-107
2977,-107
2978,-102
2979,-97
2980,-97
2981,-104
2982,-111
2983,-99
2984,-87
2985,-87
2986,-82
2987,-72
2988,-72
2989,-70
2990,-63
2991,-60
2992,-63
2993,-68
2994,-80
2995,-102
2996,-109
2997,-97
2998,-99
2999,-107
3000,-104
3001,-97
3002,-94
3003,-99
3004,-121
3005,-141
3006,-136
3007,-119
3008,-114
3009,-109
3010,-107
3011,-111
3012,-114
3013,-111
3014,-114
3015,-126
3016,-128
3017,-133
3018,-143
3019,-136
3020,-107
3021,-85
3022,-72
3023,-70
3024,-85
3025,-97
3026,-107
3027,-114
3028,-107
3029,-104
3030,-99
3031,-85
3032,-82
3033,-82
3034,-24
3035,182
3036,601
3037,1087
3038,1026
3039,107
3040,-596
3041,-318
3042,-19
3043,-172
3044,-199
3045,-87
3046,-111
3047,-158
3048,-138
3049,-124
3050,-116
3051,-99
3052,-77
3053,-63
3054,-60
3055,-60
3056,-48
3057,-38
3058,-36
3059,-34
3060,-29
3061,-26
3062,-24
3063,-21
3064,-21
3065,-29
3066,-34
3067,-34
3068,-29
3069,-21
3070,-17
3071,-21
3072,-38
3073,-65
3074,-109
3075,-138
3076,-133
3077,-126
3078,-128
3079,-128
3080,-126
3081,-116
3082,-102
3083,-94
3084,-90
3085,-77
3086,-72
3087,-80
3088,-72
3089,-70
3090,-85
3091,-94
3092,-92
3093,-97
3094,-99
3095,-94
3096,-104
3097,-111
3098,-107
3099,-114
3100,-126
3101,-124
3102,-121
3103,-119
3104,-109
3105,-107
3106,-114
3107,-114
3108,-107
3109,-99
3110,-87
3111,-80
3112,-90
3113,-114
3114,-138
3115,-138
3116,-124
3117,-107
3118,-90
3119,-75
3120,-63
3121,-58
3122,-72
3123,-87
3124,-90
3125,-87
3126,-82
3127,-72
3128,-65
3129,-55
3130,-51
3131,-46
3132,29
3133,291
3134,771
3135,1185
3136,854
3137,-158
3138,-583
3139,-160
3140,2
3141,-175
3142,-131
3143,-53
3144,-107
3145,-102
3146,-48
3147,-46
3148,-46
3149,-36
3150,-63
3151,-82
3152,-55
3153,-36
3154,-41
3155,-43
3156,-41
3157,-36
3158,-26
3159,-19
3160,-21
3161,-24
3162,-36
3163,-58
3164,-65
3165,-60
3166,-58
3167,-55
3168,-60
3169,-75
3170,-85
3171,-90
3172,-97
3173,-107
3174,-116
3175,-121
3176,-114
3177,-107
3178,-107
3179,-121
3180,-126
3181,-119
3182,-121
3183,-124
3184,-114
3185,-107
3186,-116
3187,-128
3188,-131
3189,-131
3190,-128
3191,-126
3192,-128
3193,-128
3194,-128
3195,-126
3196,-121
3197,-116
3198,-116
3199,-114
3200,-107
3201,-104
3202,-102
3203,-94
3204,-92
3205,-87
3206,-80
3207,-80
3208,-75
3209,-70
3210,-70
3211,-68
3212,-55
3213,-53
3214,-55
3215,-53
3216,-51
3217,-48
3218,-48
3219,-72
3220,-107
3221,-119
3222,-114
3223,-107
3224,-87
3225,-63
3226,-48
3227,-41
3228,-46
3229,-51
3230,-48
3231,-51
3232,-51
3233,-48
3234,-43
3235,-36
3236,-26
3237,-26
3238,-9
3239,92
3240,401
3241,929
3242,1277
3243,751
3244,-294
3245,-532
3246,-104
3247,-82
3248,-248
3249,-160
3250,-111
3251,-175
3252,-163
3253,-119
3254,-119
3255,-116
3256,-94
3257,-87
3258,-87
3259,-77
3260,-60
3261,-51
3262,-43
3263,-46
3264,-53
3265,-55
3266,-53
3267,-53
3268,-53
3269,-63
3270,-75
3271,-82
3272,-82
3273,-80
3274,-75
3275,-75
3276,-90
3277,-104
3278,-114
3279,-119
3280,-126
3281,-133
3282,-141
3283,-145
3284,-138
3285,-126
3286,-116
3287,-107
3288,-99
3289,-111
3290,-131
3291,-121
3292,-99
3293,-97
3294,-97
3295,-90
3296,-92
3297,-92
3298,-87
3299,-87
3300,-90
3301,-90
3302,-90
3303,-90
3304,-82
3305,-80
3306,-82
3307,-77
3308,-72
3309,-77
3310,-92
3311,-107
3312,-99
3313,-87
3314,-90
3315,-97
3316,-92
3317,-82
3318,-82
3319,-75
3320,-68
3321,-68
3322,-70
3323,-63
3324,-55
3325,-55
3326,-51
3327,-48
3328,-46
3329,-41
3330,-48
3331,-60
3332,-68
3333,-70
3334,-65
3335,-48
3336,-34
3337,-17
3338,-4
3339,-14
3340,-34
3341,-41
3342,-43
3343,-41
3344,-31
3345,-21
3346,-26
3347,-43
3348,-55
3349,-31
3350,90
3351,416
3352,931
3353,1155
3354,481
3355,-455
3356,-467
3357,-46
3358,-109
3359,-243
3360,-143
3361,-119
3362,-158
3363,-119
3364,-90
3365,-104
3366,-102
3367,-82
3368,-75
3369,-65
3370,-48
3371,-51
3372,-77
3373,-85
3374,-58
3375,-46
3376,-60
3377,-80
3378,-87
3379,-90
3380,-92
3381,-82
3382,-75
3383,-80
3384,-82
3385,-75
3386,-72
3387,-75
3388,-85
3389,-97
3390,-111
3391,-124
3392,-126
3393,-119
3394,-111
3395,-104
3396,-97
3397,-92
3398,-85
3399,-72
3400,-60
3401,-55
3402,-53
3403,-51
3404,-51
3405,-46
3406,-38
3407,-38
3408,-43
3409,-43
3410,-43
3411,-58
3412,-65
3413,-58
3414,-53
3415,-60
3416,-63
3417,-58
3418,-46
3419,-48
3420,-58
3421,-60
3422,-63
3423,-65
3424,-60
3425,-58
3426,-60
3427,-55
3428,-53
3429,-58
3430,-53
3431,-48
3432,-53
3433,-53
3434,-46
3435,-46
3436,-48
3437,-51
3438,-55
3439,-60
3440,-65
3441,-77
3442,-97
3443,-119
3444,-124
3445,-119
3446,-119
3447,-119
3448,-131
3449,-141
3450,-119
3451,-102
3452,-109
3453,-111
3454,-114
3455,-121
3456,-114
3457,-99
3458,-92
3459,-87
3460,-80
3461,-77
3462,-38
3463,143
3464,547
3465,1012
3466,944
3467,70
3468,-583
3469,-304
3470,-4
3471,-148
3472,-180
3473,-80
3474,-111
3475,-141
3476,-97
3477,-80
3478,-82
3479,-70
3480,-60
3481,-58
3482,-43
3483,-29
3484,-21
3485,-14
3486,-12
3487,-7
3488,2
3489,9
3490,9
3491,7
3492,-4
3493,-12
3494,-9
3495,-9
3496,-17
3497,-12
3498,-9
3499,-17
3500,-21
3501,-26
3502,-38
3503,-51
3504,-63
3505,-75
3506,-80
3507,-82
3508,-92
3509,-99
3510,-99
3511,-111
3512,-131
3513,-119
3514,-99
3515,-94
3516,-92
3517,-92
3518,-92
3519,-90
3520,-92
3521,-102
3522,-107
3523,-104
3524,-102
3525,-104
3526,-99
3527,-97
3528,-97
3529,-97
3530,-94
3531,-92
3532,-87
3533,-85
3534,-87
3535,-82
3536,-80
3537,-87
3538,-97
3539,-109
3540,-121
3541,-121
3542,-111
3543,-116
3544,-126
3545,-131
3546,-128
3547,-116
3548,-94
3549,-77
3550,-63
3551,-58
3552,-70
3553,-80
3554,-82
3555,-82
3556,-77
3557,-77
3558,-68
3559,-51
3560,-46
3561,-48
3562,7
3563,223
3564,647
3565,1051
3566,802
3567,-133
3568,-598
3569,-204
3570,9
3571,-170
3572,-170
3573,-70
3574,-99
3575,-126
3576,-97
3577,-85
3578,-85
3579,-68
3580,-68
3581,-70
3582,-53
3583,-34
3584,-31
3585,-26
3586,-14
3587,-21
3588,-36
3589,-29
3590,-24
3591,-34
3592,-29
3593,-29
3594,-46
3595,-51
3596,-36
3597,-29
3598,-26
3599,-41
3600,-68
3601,-75
3602,-80
3603,-102
3604,-119
3605,-119
3606,-119
3607,-109
3608,-92
3609,-82
3610,-75
3611,-63
3612,-65
3613,-68
3614,-41
3615,-29
3616,-48
3617,-55
3618,-48
3619,-68
3620,-80
3621,-75
3622,-70
3623,-63
3624,-60
3625,-77
3626,-90
3627,-75
3628,-53
3629,-58
3630,-77
3631,-68
3632,-58
3633,-82
3634,-94
3635,-87
3636,-94
3637,-94
3638,-92
3639,-97
3640,-94
3641,-109
3642,-126
3643,-128
3644,-136
3645,-136
3646,-109
3647,-90
3648,-90
3649,-94
3650,-102
3651,-51
3652,175
3653,588
3654,1009
3655,897
3656,2
3657,-681
3658,-401
3659,-58
3660,-192
3661,-223
3662,-94
3663,-119
3664,-158
3665,-97
3666,-92
3667,-116
3668,-97
3669,-58
3670,-34
3671,-51
3672,-68
3673,-31
3674,9
3675,-7
3676,-24
3677,14
3678,34
3679,7
3680,9
3681,29
3682,19
3683,7
3684,7
3685,14
3686,14
3687,-9
3688,-12
3689,-12
3690,-51
3691,-75
3692,-72
3693,-80
3694,-82
3695,-77
3696,-82
3697,-75
3698,-51
3699,-53
3700,-72
3701,-51
3702,-24
3703,-38
3704,-53
3705,-51
3706,-63
3707,-77
3708,-77
3709,-82
3710,-85
3711,-75
3712,-70
3713,-82
3714,-94
3715,-94
3716,-97
3717,-85
3718,-53
3719,-53
3720,-80
3721,-70
3722,-36
3723,-26
3724,-41
3725,-51
3726,-80
3727,-119
3728,-126
3729,-104
3730,-104
3731,-119
3732,-116
3733,-107
3734,-77
3735,63
3736,403
3737,900
3738,1116
3739,459
3740,-510
3741,-571
3742,-136
3743,-141
3744,-250
3745,-155
3746,-133
3747,-180
3748,-145
3749,-99
3750,-109
3751,-114
3752,-97
3753,-92
3754,-77
3755,-51
3756,-48
3757,-48
3758,-26
3759,-19
3760,-21
3761,-14
3762,-12
3763,-21
3764,-26
3765,-26
3766,-31
3767,-36
3768,-36
3769,-34
3770,-38
3771,-51
3772,-75
3773,-109
3774,-131
3775,-136
3776,-143
3777,-143
3778,-136
3779,-124
3780,-116
3781,-102
3782,-85
3783,-80
3784,-80
3785,-70
3786,-68
3787,-63
3788,-48
3789,-48
3790,-58
3791,-60
3792,-58
3793,-63
3794,-65
3795,-70
3796,-90
3797,-102
3798,-90
3799,-72
3800,-60
3801,-41
3802,-29
3803,-38
3804,-51
3805,-55
3806,-63
3807,-55
3808,-41
3809,-63
3810,-90
3811,-82
3812,-68
3813,-63
3814,4
3815,236
3816,674
3817,1170
3818,1080
3819,107
3820,-618
3821,-328
3822,-31
3823,-175
3824,-180
3825,-68
3826,-94
3827,-124
3828,-94
3829,-87
3830,-87
3831,-65
3832,-41
3833,-38
3834,-43
3835,-34
3836,-31
3837,-43
3838,-48
3839,-41
3840,-38
3841,-43
3842,-43
3843,-38
3844,-41
3845,-51
3846,-63
3847,-75
3848,-75
3849,-68
3850,-65
3851,-77
3852,-99
3853,-119
3854,-138
3855,-150
3856,-155
3857,-158
3858,-158
3859,-158
3860,-163
3861,-155
3862,-136
3863,-124
3864,-116
3865,-114
3866,-111
3867,-107
3868,-102
3869,-99
3870,-104
3871,-109
3872,-107
3873,-107
3874,-109
3875,-114
3876,-119
3877,-119
3878,-111
3879,-116
3880,-124
3881,-107
3882,-92
3883,-99
3884,-104
3885,-111
3886,-116
3887,-107
3888,-94
3889,-90
3890,-85
3891,-90
3892,-97
3893,-65
3894,77
3895,450
3896,1026
3897,1284
3898,576
3899,-450
3900,-513
3901,-77
3902,-133
3903,-287
3904,-182
3905,-148
3906,-197
3907,-160
3908,-116
3909,-121
3910,-111
3911,-99
3912,-94
3913,-80
3914,-63
3915,-53
3916,-41
3917,-34
3918,-31
3919,-21
3920,-7
3921,-4
3922,-9
3923,-19
3924,-36
3925,-41
3926,-36
3927,-36
3928,-34
3929,-36
3930,-55
3931,-70
3932,-75
3933,-82
3934,-92
3935,-99
3936,-107
3937,-104
3938,-94
3939,-82
3940,-75
3941,-65
3942,-63
3943,-60
3944,-48
3945,-38
3946,-31
3947,-34
3948,-58
3949,-97
3950,-109
3951,-97
3952,-97
3953,-104
3954,-107
3955,-111
3956,-116
3957,-114
3958,-111
3959,-121
3960,-126
3961,-111
3962,-87
3963,-70
3964,-55
3965,-63
3966,-85
3967,-104
3968,-128
3969,-145
3970,-128
3971,-116
3972,-121
3973,-116
3974,-119
3975,-121
3976,-80
3977,92
3978,498
3979,1058
3980,1192
3981,372
3982,-540
3983,-440
3984,-60
3985,-177
3986,-262
3987,-148
3988,-150
3989,-184
3990,-141
3991,-119
3992,-126
3993,-111
3994,-97
3995,-90
3996,-80
3997,-68
3998,-53
3999,-46
4000,-38
4001,-31
4002,-21
4003,-14
4004,-9
4005,-9
4006,-14
4007,-19
4008,-24
4009,-26
4010,-21
4011,-19
4012,-26
4013,-43
4014,-60
4015,-68
4016,-72
4017,-82
4018,-90
4019,-102
4020,-116
4021,-109
4022,-94
4023,-87
4024,-92
4025,-111
4026,-121
4027,-107
4028,-90
4029,-87
4030,-82
4031,-82
4032,-90
4033,-97
4034,-111
4035,-116
4036,-107
4037,-104
4038,-114
4039,-107
4040,-97
4041,-92
4042,-90
4043,-87
4044,-92
4045,-90
4046,-80
4047,-75
4048,-80
4049,-85
4050,-85
4051,-90
4052,-94
4053,-90
4054,-82
4055,-85
4056,-90
4057,-90
4058,-85
4059,-90
4060,-94
4061,-80
4062,-60
4063,-51
4064,-43
4065,-41
4066,-53
4067,-65
4068,-85
4069,-99
4070,-94
4071,-87
4072,-82
4073,-77
4074,-77
4075,-80
4076,-60
4077,72
4078,416
4079,946
4080,1228
4081,618
4082,-389
4083,-518
4084,-99
4085,-133
4086,-284
4087,-175
4088,-133
4089,-189
4090,-158
4091,-116
4092,-133
4093,-128
4094,-114
4095,-133
4096,-136
4097,-109
4098,-107
4099,-114
4100,-116
4101,-111
4102,-102
4103,-90
4104,-82
4105,-80
4106,-75
4107,-77
4108,-80
4109,-72
4110,-65
4111,-68
4112,-63
4113,-58
4114,-63
4115,-85
4116,-109
4117,-121
4118,-121
4119,-124
4120,-131
4121,-128
4122,-116
4123,-107
4124,-99
4125,-94
4126,-87
4127,-87
4128,-82
4129,-72
4130,-63
4131,-60
4132,-68
4133,-75
4134,-75
4135,-70
4136,-68
4137,-72
4138,-82
4139,-92
4140,-99
4141,-97
4142,-90
4143,-87
4144,-85
4145,-87
4146,-94
4147,-104
4148,-104
4149,-97
4150,-94
4151,-97
4152,-99
4153,-94
4154,-94
4155,-104
4156,-104
4157,-104
4158,-114
4159,-119
4160,-121
4161,-124
4162,-111
4163,-97
4164,-107
4165,-131
4166,-145
4167,-136
4168,-126
4169,-126
4170,-133
4171,-145
4172,-141
4173,-114
4174,-102
4175,-111
4176,-124
4177,-128
4178,-124
4179,-119
4180,-121
4181,-114
4182,-107
4183,-109
4184,-102
4185,-36
4186,187
4187,644
4188,1124
4189,1009
4190,60
4191,-622
4192,-333
4193,-48
4194,-199
4195,-209
4196,-99
4197,-124
4198,-133
4199,-80
4200,-77
4201,-90
4202,-70
4203,-60
4204,-63
4205,-43
4206,-26
4207,-21
4208,-14
4209,-9
4210,-7
4211,-9
4212,-24
4213,-29
4214,-24
4215,-24
4216,-36
4217,-43
4218,-48
4219,-51
4220,-51
4221,-53
4222,-48
4223,-51
4224,-68
4225,-80
4226,-85
4227,-97
4228,-109
4229,-107
4230,-104
4231,-107
4232,-109
4233,-99
4234,-90
4235,-97
4236,-102
4237,-94
4238,-90
4239,-90
4240,-104
4241,-119
4242,-121
4243,-131
4244,-145
4245,-148
4246,-153
4247,-182
4248,-199
4249,-180
4250,-163
4251,-165
4252,-167
4253,-167
4254,-170
4255,-160
4256,-141
4257,-131
4258,-128
4259,-126
4260,-126
4261,-119
4262,-107
4263,-102
4264,-102
4265,-99
4266,-97
4267,-90
4268,-85
4269,-72
4270,-58
4271,-60
4272,-75
4273,-77
4274,-70
4275,-68
4276,-68
4277,-72
4278,-80
4279,-72
4280,-55
4281,-38
4282,-29
4283,-29
4284,-31
4285,-31
4286,-41
4287,-46
4288,-36
4289,-29
4290,-24
4291,-24
4292,-26
4293,-4
4294,80
4295,326
4296,795
4297,1236
4298,970
4299,-77
4300,-654
4301,-277
4302,-46
4303,-209
4304,-189
4305,-94
4306,-126
4307,-143
4308,-116
4309,-107
4310,-109
4311,-97
4312,-77
4313,-68
4314,-65
4315,-51
4316,-53
4317,-85
4318,-99
4319,-90
4320,-87
4321,-85
4322,-80
4323,-85
4324,-94
4325,-97
4326,-99
4327,-107
4328,-109
4329,-109
4330,-107
4331,-107
4332,-116
4333,-128
4334,-128
4335,-131
4336,-143
4337,-150
4338,-150
4339,-145
4340,-143
4341,-138
4342,-126
4343,-114
4344,-102
4345,-92
4346,-87
4347,-82
4348,-80
4349,-80
4350,-82
4351,-72
4352,-72
4353,-75
4354,-75
4355,-80
4356,-82
4357,-75
4358,-75
4359,-77
4360,-68
4361,-75
4362,-99
4363,-111
4364,-99
4365,-85
4366,-87
4367,-90
4368,-85
4369,-77
4370,-70
4371,-72
4372,-85
4373,-90
4374,-85
4375,-80
4376,-72
4377,-65
4378,-58
4379,-58
4380,-72
4381,-77
4382,-68
4383,-65
4384,-68
4385,-70
4386,-102
4387,-128
4388,-107
4389,-80
4390,-75
4391,-63
4392,-58
4393,-65
4394,-75
4395,-82
4396,-77
4397,-75
4398,-80
4399,-90
4400,-92
4401,-85
4402,-55
4403,68
4404,403
4405,944
4406,1233
4407,625
4408,-391
4409,-547
4410,-131
4411,-136
4412,-274
4413,-182
4414,-138
4415,-180
4416,-158
4417,-124
4418,-128
4419,-121
4420,-102
4421,-97
4422,-90
4423,-75
4424,-68
4425,-63
4426,-46
4427,-41
4428,-65
4429,-75
4430,-60
4431,-58
4432,-63
4433,-63
4434,-70
4435,-82
4436,-97
4437,-107
4438,-99
4439,-92
4440,-97
4441,-107
4442,-107
4443,-114
4444,-126
4445,-128
4446,-128
4447,-128
4448,-119
4449,-111
4450,-107
4451,-97
4452,-82
4453,-70
4454,-63
4455,-55
4456,-53
4457,-51
4458,-51
4459,-51
4460,-46
4461,-48
4462,-72
4463,-109
4464,-116
4465,-104
4466,-104
4467,-111
4468,-121
4469,-131
4470,-128
4471,-119
4472,-114
4473,-111
4474,-107
4475,-109
4476,-109
4477,-102
4478,-94
4479,-97
4480,-102
4481,-109
4482,-121
4483,-124
4484,-116
4485,-109
4486,-107
4487,-109
4488,-114
4489,-111
4490,-102
4491,-97
4492,-94
4493,-99
4494,-128
4495,-155
4496,-143
4497,-111
4498,-97
4499,-90
4500,-90
4501,-97
4502,-94
4503,-92
4504,-99
4505,-99
4506,-92
4507,-85
4508,-77
4509,-70
4510,-65
4511,-51
4512,24
4513,277
4514,766
4515,1233
4516,1004
4517,-2
4518,-554
4519,-204
4520,-21
4521,-204
4522,-177
4523,-85
4524,-126
4525,-131
4526,-90
4527,-87
4528,-85
4529,-68
4530,-63
4531,-63
4532,-58
4533,-51
4534,-38
4535,-26
4536,-19
4537,-14
4538,-21
4539,-43
4540,-46
4541,-31
4542,-31
4543,-36
4544,-38
4545,-48
4546,-51
4547,-51
4548,-53
4549,-55
4550,-63
4551,-77
4552,-90
4553,-99
4554,-109
4555,-114
4556,-107
4557,-102
4558,-102
4559,-104
4560,-111
4561,-124
4562,-121
4563,-121
4564,-131
4565,-126
4566,-111
4567,-109
4568,-107
4569,-99
4570,-99
4571,-107
4572,-109
4573,-109
4574,-104
4575,-99
4576,-99
4577,-104
4578,-102
4579,-102
4580,-111
4581,-116
4582,-114
4583,-121
4584,-128
4585,-124
4586,-114
4587,-111
4588,-107
4589,-111
4590,-121
4591,-114
4592,-102
4593,-99
4594,-92
4595,-92
4596,-102
4597,-102
4598,-94
4599,-92
4600,-85
4601,-90
4602,-133
4603,-160
4604,-141
4605,-114
4606,-99
4607,-85
4608,-77
4609,-75
4610,-72
4611,-80
4612,-85
4613,-72
4614,-68
4615,-70
4616,-63
4617,-55
4618,-46
4619,-17
4620,99
4621,420
4622,946
4623,1255
4624,691
4625,-326
4626,-535
4627,-131
4628,-116
4629,-253
4630,-158
4631,-114
4632,-158
4633,-133
4634,-109
4635,-109
4636,-92
4637,-72
4638,-70
4639,-58
4640,-48
4641,-46
4642,-41
4643,-19
4644,-2
4645,7
4646,9
4647,4
4648,4
4649,12
4650,7
4651,4
4652,9
4653,-2
4654,-12
4655,-7
4656,-9
4657,-21
4658,-31
4659,-46
4660,-70
4661,-92
4662,-99
4663,-107
4664,-107
4665,-99
4666,-87
4667,-75
4668,-72
4669,-70
4670,-63
4671,-60
4672,-68
4673,-68
4674,-58
4675,-51
4676,-53
4677,-58
4678,-65
4679,-77
4680,-80
4681,-70
4682,-68
4683,-77
4684,-102
4685,-128
4686,-121
4687,-109
4688,-121
4689,-124
4690,-121
4691,-148
4692,-170
4693,-158
4694,-150
4695,-150
4696,-141
4697,-136
4698,-143
4699,-138
4700,-126
4701,-124
4702,-119
4703,-116
4704,-124
4705,-121
4706,-102
4707,-87
4708,-68
4709,-60
4710,-72
4711,-70
4712,-63
4713,-60
4714,-60
4715,-68
4716,-68
4717,-58
4718,-51
4719,-53
4720,-14
4721,163
4722,540
4723,1041
4724,1189
4725,423
4726,-532
4727,-491
4728,-55
4729,-116
4730,-218
4731,-97
4732,-72
4733,-116
4734,-87
4735,-63
4736,-65
4737,-58
4738,-41
4739,-26
4740,-19
4741,-17
4742,-7
4743,14
4744,29
4745,24
4746,26
4747,41
4748,46
4749,48
4750,53
4751,41
4752,29
4753,24
4754,-2
4755,-34
4756,-38
4757,-55
4758,-85
4759,-97
4760,-109
4761,-126
4762,-131
4763,-133
4764,-143
4765,-136
4766,-116
4767,-111
4768,-104
4769,-87
4770,-77
4771,-72
4772,-63
4773,-55
4774,-51
4775,-48
4776,-51
4777,-51
4778,-46
4779,-53
4780,-72
4781,-80
4782,-87
4783,-109
4784,-119
4785,-111
4786,-114
4787,-116
4788,-121
4789,-126
4790,-114
4791,-102
4792,-107
4793,-111
4794,-104
4795,-97
4796,-97
4797,-94
4798,-97
4799,-104
4800,-114
4801,-121
4802,-121
4803,-114
4804,-104
4805,-92
4806,-82
4807,-65
4808,-60
4809,-68
4810,-72
4811,-77
4812,-90
4813,-82
4814,-63
4815,-55
4816,-55
4817,-60
4818,-53
4819,17
4820,250
4821,722
4822,1221
4823,1048
4824,-2
4825,-678
4826,-326
4827,-55
4828,-226
4829,-226
4830,-128
4831,-163
4832,-165
4833,-111
4834,-107
4835,-111
4836,-94
4837,-90
4838,-82
4839,-65
4840,-46
4841,-36
4842,-31
4843,-26
4844,-14
4845,-2
4846,4
4847,2
4848,-19
4849,-46
4850,-46
4851,-38
4852,-53
4853,-72
4854,-75
4855,-77
4856,-87
4857,-97
4858,-104
4859,-116
4860,-128
4861,-138
4862,-143
4863,-141
4864,-131
4865,-121
4866,-114
4867,-102
4868,-94
4869,-87
4870,-75
4871,-63
4872,-58
4873,-53
4874,-51
4875,-53
4876,-48
4877,-46
4878,-48
4879,-55
4880,-63
4881,-60
4882,-58
4883,-60
4884,-75
4885,-85
4886,-77
4887,-72
4888,-77
4889,-90
4890,-94
4891,-87
4892,-85
4893,-85
4894,-85
4895,-85
4896,-82
4897,-77
4898,-72
4899,-80
4900,-104
4901,-124
4902,-116
4903,-109
4904,-119
4905,-124
4906,-116
4907,-104
4908,-102
4909,-97
4910,-92
4911,-94
4912,-107
4913,-126
4914,-148
4915,-153
4916,-148
4917,-148
4918,-143
4919,-141
4920,-138
4921,-77
4922,131
4923,574
4924,1097
4925,1097
4926,192
4927,-593
4928,-374
4929,-58
4930,-214
4931,-260
4932,-148
4933,-163
4934,-182
4935,-133
4936,-116
4937,-124
4938,-114
4939,-102
4940,-90
4941,-75
4942,-60
4943,-51
4944,-51
4945,-43
4946,-26
4947,-14
4948,-17
4949,-26
4950,-26
4951,-21
4952,-19
4953,-17
4954,-17
4955,-21
4956,-34
4957,-38
4958,-41
4959,-51
4960,-70
4961,-82
4962,-92
4963,-109
4964,-114
4965,-107
4966,-109
4967,-111
4968,-104
4969,-104
4970,-124
4971,-124
4972,-99
4973,-90
4974,-90
4975,-80
4976,-75
4977,-77
4978,-77
4979,-70
4980,-85
4981,-104
4982,-104
4983,-99
4984,-102
4985,-107
4986,-107
4987,-97
4988,-87
4989,-85
4990,-87
4991,-82
4992,-77
4993,-77
4994,-77
4995,-77
4996,-70
4997,-65
4998,-68
4999,-70
5000,-68
5001,-70
5002,-70
5003,-63
5004,-60
5005,-60
5006,-55
5007,-51
5008,-53
5009,-46
5010,-46
5011,-53
5012,-60
5013,-70
5014,-85
5015,-82
5016,-65
5017,-58
5018,-58
5019,-51
5020,-63
5021,-80
5022,-82
5023,-77
5024,-75
5025,-75
5026,-72
5027,-72
5028,-68
5029,-55
5030,-12
5031,163
5032,559
5033,1087
5034,1216
5035,425
5036,-493
5037,-418
5038,-26
5039,-131
5040,-228
5041,-114
5042,-104
5043,-145
5044,-116
5045,-109
5046,-138
5047,-131
5048,-102
5049,-92
5050,-77
5051,-65
5052,-87
5053,-97
5054,-77
5055,-58
5056,-48
5057,-38
5058,-38
5059,-29
5060,-12
5061,-7
5062,-14
5063,-17
5064,-21
5065,-29
5066,-31
5067,-31
5068,-36
5069,-43
5070,-58
5071,-85
5072,-97
5073,-94
5074,-104
5075,-111
5076,-116
5077,-116
5078,-102
5079,-80
5080,-72
5081,-60
5082,-51
5083,-46
5084,-46
5085,-46
5086,-46
5087,-38
5088,-36
5089,-43
5090,-48
5091,-43
5092,-34
5093,-46
5094,-63
5095,-48
5096,-38
5097,-53
5098,-51
5099,-36
5100,-41
5101,-43
5102,-31
5103,-36
5104,-46
5105,-41
5106,-48
5107,-53
5108,-53
5109,-65
5110,-75
5111,-80
5112,-97
5113,-97
5114,-82
5115,-87
5116,-102
5117,-99
5118,-87
5119,-70
5120,-60
5121,-68
5122,-85
5123,-99
5124,-107
5125,-119
5126,-133
5127,-126
5128,-114
5129,-126
5130,-128
5131,-107
5132,-94
5133,-92
5134,-26
5135,214
5136,678
5137,1165
5138,1019
5139,12
5140,-686
5141,-362
5142,-63
5143,-214
5144,-218
5145,-109
5146,-133
5147,-145
5148,-109
5149,-104
5150,-102
5151,-77
5152,-70
5153,-65
5154,-51
5155,-38
5156,-31
5157,-17
5158,2
5159,9
5160,2
5161,7
5162,24
5163,26
5164,24
5165,21
5166,12
5167,0
5168,-7
5169,-7
5170,-9
5171,-24
5172,-55
5173,-77
5174,-77
5175,-92
5176,-111
5177,-131
5178,-150
5179,-150
5180,-131
5181,-114
5182,-104
5183,-90
5184,-82
5185,-82
5186,-80
5187,-68
5188,-55
5189,-55
5190,-63
5191,-82
5192,-107
5193,-109
5194,-97
5195,-99
5196,-104
5197,-102
5198,-102
5199,-102
5200,-94
5201,-87
5202,-90
5203,-85
5204,-87
5205,-97
5206,-99
5207,-97
5208,-97
5209,-92
5210,-90
5211,-94
5212,-87
5213,-80
5214,-82
5215,-80
5216,-75
5217,-77
5218,-75
5219,-65
5220,-68
5221,-80
5222,-82
5223,-75
5224,-72
5225,-68
5226,-60
5227,-58
5228,-63
5229,-68
5230,-82
5231,-92
5232,-87
5233,-77
5234,-75
5235,-72
5236,-72
5237,-80
5238,-58
5239,70
5240,403
5241,941
5242,1279
5243,717
5244,-347
5245,-574
5246,-136
5247,-109
5248,-272
5249,-189
5250,-141
5251,-184
5252,-158
5253,-119
5254,-126
5255,-126
5256,-111
5257,-102
5258,-87
5259,-68
5260,-60
5261,-60
5262,-53
5263,-38
5264,-21
5265,-17
5266,-14
5267,-9
5268,-17
5269,-29
5270,-34
5271,-29
5272,-31
5273,-48
5274,-85
5275,-107
5276,-99
5277,-97
5278,-111
5279,-121
5280,-133
5281,-143
5282,-141
5283,-133
5284,-126
5285,-119
5286,-114
5287,-109
5288,-97
5289,-82
5290,-72
5291,-65
5292,-60
5293,-63
5294,-58
5295,-53
5296,-51
5297,-53
5298,-55
5299,-60
5300,-70
5301,-80
5302,-77
5303,-72
5304,-80
5305,-92
5306,-94
5307,-92
5308,-99
5309,-121
5310,-126
5311,-111
5312,-111
5313,-114
5314,-104
5315,-99
5316,-99
5317,-94
5318,-92
5319,-90
5320,-82
5321,-80
5322,-90
5323,-94
5324,-94
5325,-107
5326,-119
5327,-121
5328,-114
5329,-92
5330,-70
5331,-65
5332,-72
5333,-90
5334,-99
5335,-94
5336,-102
5337,-119
5338,-136
5339,-133
5340,-121
5341,-114
5342,-107
5343,-92
5344,-9
5345,265
5346,766
5347,1199
5348,910
5349,-92
5350,-574
5351,-206
5352,-60
5353,-240
5354,-194
5355,-109
5356,-155
5357,-153
5358,-104
5359,-97
5360,-97
5361,-80
5362,-68
5363,-63
5364,-60
5365,-60
5366,-53
5367,-36
5368,-26
5369,-24
5370,-14
5371,0
5372,7
5373,7
5374,-9
5375,-31
5376,-34
5377,-24
5378,-26
5379,-34
5380,-34
5381,-38
5382,-65
5383,-87
5384,-90
5385,-90
5386,-102
5387,-111
5388,-114
5389,-114
5390,-109
5391,-92
5392,-77
5393,-75
5394,-72
5395,-65
5396,-63
5397,-65
5398,-55
5399,-46
5400,-55
5401,-65
5402,-53
5403,-43
5404,-53
5405,-58
5406,-55
5407,-85
5408,-119
5409,-107
5410,-90
5411,-97
5412,-99
5413,-97
5414,-99
5415,-97
5416,-85
5417,-77
5418,-80
5419,-77
5420,-72
5421,-65
5422,-58
5423,-63
5424,-77
5425,-82
5426,-75
5427,-82
5428,-102
5429,-116
5430,-119
5431,-111
5432,-97
5433,-85
5434,-70
5435,-53
5436,-51
5437,-63
5438,-77
5439,-90
5440,-102
5441,-109
5442,-102
5443,-87
5444,-75
5445,-72
5446,-68
5447,7
5448,250
5449,720
5450,1194
5451,1019
5452,7
5453,-639
5454,-289
5455,-17
5456,-180
5457,-175
5458,-72
5459,-99
5460,-109
5461,-82
5462,-85
5463,-75
5464,-51
5465,-51
5466,-53
5467,-29
5468,-2
5469,0
5470,2
5471,14
5472,19
5473,36
5474,53
5475,46
5476,43
5477,46
5478,34
5479,26
5480,34
5481,38
5482,29
5483,-2
5484,-41
5485,-58
5486,-70
5487,-85
5488,-87
5489,-102
5490,-126
5491,-121
5492,-111
5493,-119
5494,-107
5495,-80
5496,-77
5497,-77
5498,-60
5499,-58
5500,-60
5501,-53
5502,-48
5503,-58
5504,-58
5505,-53
5506,-68
5507,-92
5508,-90
5509,-75
5510,-90
5511,-102
5512,-82
5513,-72
5514,-87
5515,-87
5516,-75
5517,-87
5518,-92
5519,-75
5520,-77
5521,-82
5522,-75
5523,-72
5524,-77
5525,-77
5526,-82
5527,-87
5528,-85
5529,-80
5530,-70
5531,-68
5532,-75
5533,-85
5534,-87
5535,-80
5536,-65
5537,-60
5538,-58
5539,-63
5540,-72
5541,-85
5542,-90
5543,-82
5544,-80
5545,-80
5546,-75
5547,-72
5548,-72
5549,-58
5550,-7
5551,175
5552,588
5553,1114
5554,1182
5555,323
5556,-571
5557,-452
5558,-65
5559,-184
5560,-279
5561,-160
5562,-153
5563,-187
5564,-136
5565,-114
5566,-131
5567,-114
5568,-92
5569,-85
5570,-70
5571,-68
5572,-82
5573,-75
5574,-53
5575,-36
5576,-26
5577,-19
5578,-9
5579,-12
5580,-24
5581,-26
5582,-24
5583,-26
5584,-38
5585,-46
5586,-41
5587,-41
5588,-60
5589,-80
5590,-92
5591,-109
5592,-128
5593,-126
5594,-114
5595,-109
5596,-104
5597,-94
5598,-90
5599,-80
5600,-72
5601,-63
5602,-51
5603,-43
5604,-48
5605,-51
5606,-41
5607,-34
5608,-34
5609,-41
5610,-55
5611,-58
5612,-48
5613,-51
5614,-51
5615,-46
5616,-51
5617,-55
5618,-53
5619,-51
5620,-60
5621,-80
5622,-90
5623,-85
5624,-82
5625,-80
5626,-75
5627,-72
5628,-80
5629,-104
5630,-121
5631,-111
5632,-104
5633,-109
5634,-116
5635,-107
5636,-99
5637,-111
5638,-114
5639,-107
5640,-116
5641,-131
5642,-133
5643,-138
5644,-131
5645,-124
5646,-124
5647,-124
5648,-119
5649,-116
5650,-102
5651,-53
5652,124
5653,535
5654,1073
5655,1146
5656,294
5657,-574
5658,-437
5659,-77
5660,-192
5661,-260
5662,-150
5663,-150
5664,-177
5665,-133
5666,-116
5667,-126
5668,-111
5669,-92
5670,-87
5671,-72
5672,-55
5673,-53
5674,-46
5675,-34
5676,-29
5677,-21
5678,-9
5679,-7
5680,-12
5681,-12
5682,-14
5683,-19
5684,-29
5685,-48
5686,-58
5687,-60
5688,-63
5689,-68
5690,-72
5691,-82
5692,-92
5693,-104
5694,-109
5695,-109
5696,-104
5697,-97
5698,-87
5699,-85
5700,-82
5701,-70
5702,-70
5703,-85
5704,-87
5705,-99
5706,-126
5707,-119
5708,-102
5709,-99
5710,-99
5711,-99
5712,-104
5713,-102
5714,-97
5715,-94
5716,-92
5717,-102
5718,-111
5719,-107
5720,-94
5721,-90
5722,-87
5723,-85
5724,-94
5725,-102
5726,-94
5727,-87
5728,-82
5729,-80
5730,-85
5731,-87
5732,-77
5733,-72
5734,-75
5735,-82
5736,-85
5737,-72
5738,-48
5739,-29
5740,-26
5741,-29
5742,-36
5743,-53
5744,-65
5745,-75
5746,-77
5747,-77
5748,-85
5749,-97
5750,-104
5751,-90
5752,-75
5753,-34
5754,150
5755,576
5756,1092
5757,1112
5758,250
5759,-540
5760,-352
5761,-36
5762,-184
5763,-236
5764,-119
5765,-124
5766,-150
5767,-119
5768,-121
5769,-133
5770,-109
5771,-99
5772,-102
5773,-77
5774,-70
5775,-102
5776,-104
5777,-72
5778,-63
5779,-65
5780,-55
5781,-53
5782,-53
5783,-43
5784,-41
5785,-51
5786,-43
5787,-41
5788,-53
5789,-58
5790,-58
5791,-63
5792,-68
5793,-77
5794,-92
5795,-104
5796,-104
5797,-102
5798,-99
5799,-90
5800,-82
5801,-80
5802,-70
5803,-60
5804,-53
5805,-43
5806,-38
5807,-38
5808,-38
5809,-36
5810,-38
5811,-31
5812,-24
5813,-38
5814,-58
5815,-58
5816,-43
5817,-36
5818,-38
5819,-46
5820,-51
5821,-46
5822,-43
5823,-43
5824,-38
5825,-29
5826,-34
5827,-38
5828,-24
5829,-21
5830,-38
5831,-41
5832,-38
5833,-58
5834,-85
5835,-87
5836,-75
5837,-68
5838,-63
5839,-46
5840,-34
5841,-31
5842,-29
5843,-24
5844,-36
5845,-63
5846,-72
5847,-65
5848,-65
5849,-80
5850,-87
5851,-104
5852,-124
5853,-92
5854,55
5855,401
5856,914
5857,1138
5858,486
5859,-481
5860,-559
5861,-121
5862,-126
5863,-257
5864,-155
5865,-119
5866,-165
5867,-136
5868,-107
5869,-109
5870,-85
5871,-63
5872,-68
5873,-55
5874,-43
5875,-36
5876,-26
5877,-21
5878,-19
5879,-7
5880,0
5881,0
5882,4
5883,4
5884,-4
5885,-7
5886,-7
5887,-12
5888,-14
5889,-9
5890,-17
5891,-36
5892,-48
5893,-48
5894,-60
5895,-85
5896,-90
5897,-82
5898,-85
5899,-97
5900,-104
5901,-94
5902,-77
5903,-70
5904,-68
5905,-63
5906,-58
5907,-46
5908,-36
5909,-51
5910,-72
5911,-65
5912,-58
5913,-68
5914,-60
5915,-53
5916,-65
5917,-75
5918,-58
5919,-46
5920,-72
5921,-107
5922,-107
5923,-87
5924,-82
5925,-75
5926,-65
5927,-77
5928,-85
5929,-80
5930,-72
5931,-63
5932,-58
5933,-53
5934,-51
5935,-46
5936,-31
5937,-26
5938,-41
5939,-58
5940,-65
5941,-72
5942,-72
5943,-63
5944,-51
5945,-53
5946,-65
5947,-51
5948,36
5949,267
5950,715
5951,1177
5952,997
5953,-21
5954,-669
5955,-313
5956,-38
5957,-197
5958,-182
5959,-92
5960,-150
5961,-153
5962,-102
5963,-119
5964,-136
5965,-114
5966,-102
5967,-87
5968,-68
5969,-65
5970,-60
5971,-46
5972,-36
5973,-46
5974,-46
5975,-14
5976,0
5977,-24
5978,-38
5979,-26
5980,-29
5981,-38
5982,-38
5983,-36
5984,-38
5985,-48
5986,-55
5987,-70
5988,-97
5989,-97
5990,-82
5991,-97
5992,-99
5993,-80
5994,-77
5995,-75
5996,-70
5997,-85
5998,-87
5999,-72
6000,-75
6001,-75
6002,-55
6003,-48
6004,-60
6005,-77
6006,-90
6007,-75
6008,-63
6009,-77
6010,-97
6011,-99
6012,-97
6013,-87
6014,-65
6015,-51
6016,-55
6017,-63
6018,-60
6019,-68
6020,-77
6021,-77
6022,-60
6023,-38
6024,-31
6025,-21
6026,-14
6027,-17
6028,-21
6029,-36
6030,-58
6031,-77
6032,-68
6033,-43
6034,-38
6035,-55
6036,-75
6037,-63
6038,72
6039,433
6040,985
6041,1265
6042,613
6043,-420
6044,-530
6045,-90
6046,-104
6047,-233
6048,-141
6049,-111
6050,-150
6051,-111
6052,-82
6053,-94
6054,-94
6055,-82
6056,-85
6057,-77
6058,-70
6059,-75
6060,-77
6061,-60
6062,-51
6063,-36
6064,-7
6065,-19
6066,-68
6067,-85
6068,-75
6069,-92
6070,-119
6071,-116
6072,-107
6073,-126
6074,-136
6075,-124
6076,-126
6077,-145
6078,-158
6079,-160
6080,-160
6081,-155
6082,-143
6083,-128
6084,-121
6085,-116
6086,-104
6087,-80
6088,-72
6089,-80
6090,-75
6091,-58
6092,-53
6093,-60
6094,-60
6095,-63
6096,-80
6097,-107
6098,-114
6099,-107
6100,-102
6101,-109
6102,-121
6103,-116
6104,-109
6105,-109
6106,-107
6107,-111
6108,-116
6109,-102
6110,-77
6111,-63
6112,-53
6113,-43
6114,-46
6115,-58
6116,-65
6117,-63
6118,-53
6119,-51
6120,-53
6121,-46
6122,-36
6123,-36
6124,-4
6125,158
6126,562
6127,1131
6128,1296
6129,486
6130,-467
6131,-406
6132,-14
6133,-124
6134,-228
6135,-116
6136,-104
6137,-153
6138,-126
6139,-102
6140,-109
6141,-97
6142,-94
6143,-119
6144,-121
6145,-94
6146,-80
6147,-72
6148,-60
6149,-63
6150,-65
6151,-51
6152,-41
6153,-48
6154,-53
6155,-68
6156,-92
6157,-111
6158,-111
6159,-109
6160,-107
6161,-116
6162,-148
6163,-175
6164,-180
6165,-187
6166,-204
6167,-206
6168,-204
6169,-199
6170,-182
6171,-160
6172,-145
6173,-141
6174,-136
6175,-121
6176,-111
6177,-107
6178,-99
6179,-97
6180,-99
6181,-97
6182,-92
6183,-87
6184,-82
6185,-82
6186,-87
6187,-92
6188,-87
6189,-80
6190,-70
6191,-68
6192,-70
6193,-70
6194,-68
6195,-72
6196,-80
6197,-90
6198,-87
6199,-68
6200,-48
6201,-34
6202,-26
6203,-31
6204,-43
6205,-55
6206,-51
6207,-41
6208,-34
6209,-31
6210,-29
6211,-31
6212,-48
6213,-41
6214,116
6215,520
6216,1075
6217,1255
6218,496
6219,-442
6220,-396
6221,-14
6222,-126
6223,-226
6224,-107
6225,-102
6226,-143
6227,-111
6228,-111
6229,-133
6230,-121
6231,-104
6232,-99
6233,-90
6234,-75
6235,-63
6236,-51
6237,-41
6238,-38
6239,-38
6240,-38
6241,-36
6242,-34
6243,-36
6244,-43
6245,-53
6246,-63
6247,-63
6248,-58
6249,-53
6250,-60
6251,-80
6252,-92
6253,-97
6254,-102
6255,-111
6256,-124
6257,-136
6258,-141
6259,-138
6260,-133
6261,-133
6262,-138
6263,-138
6264,-133
6265,-126
6266,-116
6267,-109
6268,-107
6269,-109
6270,-114
6271,-109
6272,-104
6273,-104
6274,-102
6275,-99
6276,-107
6277,-104
6278,-97
6279,-92
6280,-90
6281,-97
6282,-121
6283,-138
6284,-121
6285,-107
6286,-109
6287,-107
6288,-104
6289,-111
6290,-114
6291,-109
6292,-111
6293,-116
6294,-109
6295,-90
6296,-72
6297,-70
6298,-72
6299,-80
6300,-87
6301,-82
6302,-72
6303,-65
6304,-55
6305,-53
6306,-55
6307,-46
6308,29
6309,287
6310,783
6311,1243
6312,978
6313,-41
6314,-540
6315,-160
6316,-2
6317,-197
6318,-163
6319,-75
6320,-121
6321,-119
6322,-70
6323,-72
6324,-80
6325,-65
6326,-70
6327,-72
6328,-55
6329,-41
6330,-38
6331,-29
6332,-19
6333,-19
6334,-14
6335,-7
6336,-7
6337,-12
6338,-12
6339,-29
6340,-46
6341,-51
6342,-48
6343,-48
6344,-43
6345,-48
6346,-63
6347,-75
6348,-87
6349,-99
6350,-102
6351,-99
6352,-102
6353,-99
6354,-94
6355,-85
6356,-82
6357,-92
6358,-111
6359,-136
6360,-145
6361,-136
6362,-124
6363,-126
6364,-143
6365,-172
6366,-180
6367,-167
6368,-163
6369,-163
6370,-158
6371,-160
6372,-160
6373,-153
6374,-141
6375,-133
6376,-131
6377,-133
6378,-138
6379,-128
6380,-116
6381,-111
6382,-107
6383,-104
6384,-107
6385,-102
6386,-90
6387,-87
6388,-85
6389,-92
6390,-114
6391,-116
6392,-92
6393,-63
6394,-48
6395,-34
6396,-36
6397,-51
6398,-53
6399,-55
6400,-55
6401,-46
6402,-43
6403,-46
6404,-41
6405,-34
6406,-29
6407,19
6408,214
6409,639
6410,1138
6411,1077
6412,163
6413,-528
6414,-253
6415,19
6416,-150
6417,-175
6418,-65
6419,-87
6420,-109
6421,-70
6422,-75
6423,-87
6424,-75
6425,-85
6426,-92
6427,-77
6428,-65
6429,-60
6430,-46
6431,-38
6432,-36
6433,-36
6434,-63
6435,-97
6436,-97
6437,-87
6438,-102
6439,-109
6440,-107
6441,-109
6442,-102
6443,-90
6444,-85
6445,-85
6446,-90
6447,-102
6448,-111
6449,-114
6450,-119
6451,-124
6452,-121
6453,-119
6454,-124
6455,-124
6456,-116
6457,-114
6458,-111
6459,-109
6460,-109
6461,-109
6462,-107
6463,-107
6464,-104
6465,-104
6466,-107
6467,-109
6468,-111
6469,-109
6470,-99
6471,-94
6472,-97
6473,-102
6474,-99
6475,-94
6476,-90
6477,-85
6478,-82
6479,-85
6480,-85
6481,-77
6482,-70
6483,-68
6484,-63
6485,-65
6486,-72
6487,-72
6488,-63
6489,-65
6490,-87
6491,-114
6492,-114
6493,-97
6494,-75
6495,-55
6496,-38
6497,-36
6498,-51
6499,-60
6500,-60
6501,-58
6502,-48
6503,-48
6504,-77
6505,-97
6506,-82
6507,-65
6508,-12
6509,189
6510,615
6511,1080
6512,970
6513,53
6514,-576
6515,-265
6516,-2
6517,-170
6518,-194
6519,-92
6520,-114
6521,-131
6522,-97
6523,-97
6524,-109
6525,-90
6526,-77
6527,-77
6528,-70
6529,-63
6530,-60
6531,-51
6532,-38
6533,-36
6534,-38
6535,-43
6536,-48
6537,-53
6538,-58
6539,-68
6540,-80
6541,-97
6542,-109
6543,-111
6544,-102
6545,-94
6546,-97
6547,-104
6548,-114
6549,-136
6550,-153
6551,-150
6552,-148
6553,-141
6554,-119
6555,-116
6556,-141
6557,-155
6558,-150
6559,-148
6560,-143
6561,-136
6562,-126
6563,-126
6564,-133
6565,-121
6566,-107
6567,-114
6568,-124
6569,-119
6570,-114
6571,-111
6572,-107
6573,-107
6574,-109
6575,-107
6576,-97
6577,-85
6578,-90
6579,-97
6580,-111
6581,-131
6582,-128
6583,-124
6584,-131
6585,-119
6586,-102
6587,-107
6588,-104
6589,-90
6590,-92
6591,-85
6592,-75
6593,-90
6594,-94
6595,-72
6596,-53
6597,-34
6598,-24
6599,-38
6600,-48
6601,-41
6602,-41
6603,-41
6604,-29
6605,-26
6606,-34
6607,-31
6608,-21
6609,21
6610,192
6611,564
6612,1029
6613,1060
6614,231
6615,-601
6616,-442
6617,-51
6618,-136
6619,-194
6620,-85
6621,-90
6622,-133
6623,-119
6624,-109
6625,-111
6626,-99
6627,-94
6628,-92
6629,-77
6630,-72
6631,-82
6632,-75
6633,-63
6634,-65
6635,-63
6636,-58
6637,-68
6638,-85
6639,-87
6640,-87
6641,-99
6642,-111
6643,-114
6644,-114
6645,-109
6646,-102
6647,-102
6648,-109
6649,-124
6650,-148
6651,-163
6652,-143
6653,-126
6654,-126
6655,-119
6656,-109
6657,-104
6658,-97
6659,-92
6660,-90
6661,-77
6662,-70
6663,-77
6664,-77
6665,-75
6666,-75
6667,-75
6668,-75
6669,-75
6670,-75
6671,-75
6672,-75
6673,-70
6674,-63
6675,-68
6676,-68
6677,-63
6678,-75
6679,-80
6680,-65
6681,-65
6682,-72
6683,-70
6684,-60
6685,-55
6686,-48
6687,-46
6688,-65
6689,-92
6690,-94
6691,-87
6692,-77
6693,-58
6694,-41
6695,-31
6696,-29
6697,-34
6698,-38
6699,-51
6700,-60
6701,-63
6702,-53
6703,-46
6704,-43
6705,-41
6706,-26
6707,58
6708,328
6709,827
6710,1250
6711,900
6712,-145
6713,-579
6714,-180
6715,-55
6716,-228
6717,-180
6718,-109
6719,-163
6720,-172
6721,-133
6722,-131
6723,-131
6724,-109
6725,-111
6726,-145
6727,-150
6728,-126
6729,-114
6730,-114
6731,-107
6732,-104
6733,-107
6734,-97
6735,-94
6736,-104
6737,-119
6738,-131
6739,-138
6740,-145
6741,-155
6742,-153
6743,-141
6744,-128
6745,-128
6746,-124
6747,-114
6748,-114
6749,-119
6750,-119
6751,-111
6752,-104
6753,-97
6754,-104
6755,-116
6756,-104
6757,-90
6758,-87
6759,-90
6760,-82
6761,-80
6762,-77
6763,-77
6764,-80
6765,-77
6766,-70
6767,-70
6768,-75
6769,-72
6770,-68
6771,-65
6772,-60
6773,-65
6774,-77
6775,-80
6776,-75
6777,-72
6778,-70
6779,-65
6780,-63
6781,-60
6782,-65
6783,-80
6784,-82
6785,-65
6786,-51
6787,-38
6788,-17
6789,-17
6790,-31
6791,-36
6792,-43
6793,-46
6794,-41
6795,-60
6796,-87
6797,-92
6798,-85
6799,-80
6800,-19
6801,199
6802,642
6803,1126
6804,1024
6805,75
6806,-591
6807,-296
6808,-48
6809,-223
6810,-228
6811,-131
6812,-163
6813,-177
6814,-145
6815,-150
6816,-158
6817,-138
6818,-124
6819,-124
6820,-131
6821,-145
6822,-145
6823,-128
6824,-116
6825,-107
6826,-102
6827,-109
6828,-121
6829,-126
6830,-128
6831,-138
6832,-148
6833,-155
6834,-165
6835,-158
6836,-133
6837,-119
6838,-124
6839,-128
6840,-131
6841,-133
6842,-131
6843,-124
6844,-111
6845,-107
6846,-107
6847,-102
6848,-87
6849,-80
6850,-77
6851,-72
6852,-70
6853,-72
6854,-72
6855,-70
6856,-68
6857,-63
6858,-65
6859,-72
6860,-75
6861,-68
6862,-60
6863,-55
6864,-60
6865,-63
6866,-63
6867,-55
6868,-53
6869,-58
6870,-70
6871,-87
6872,-109
6873,-119
6874,-116
6875,-121
6876,-121
6877,-99
6878,-80
6879,-65
6880,-48
6881,-55
6882,-68
6883,-72
6884,-75
6885,-75
6886,-80
6887,-92
6888,-92
6889,-80
6890,-75
6891,-34
6892,148
6893,537
6894,1021
6895,1060
6896,218
6897,-581
6898,-382
6899,-38
6900,-180
6901,-231
6902,-126
6903,-150
6904,-177
6905,-128
6906,-116
6907,-124
6908,-102
6909,-85
6910,-97
6911,-104
6912,-99
6913,-104
6914,-102
6915,-92
6916,-94
6917,-107
6918,-109
6919,-111
6920,-124
6921,-138
6922,-150
6923,-165
6924,-177
6925,-170
6926,-143
6927,-124
6928,-109
6929,-107
6930,-109
6931,-109
6932,-102
6933,-99
6934,-107
6935,-119
6936,-114
6937,-97
6938,-90
6939,-90
6940,-85
6941,-77
6942,-85
6943,-92
6944,-85
6945,-75
6946,-72
6947,-85
6948,-119
6949,-136
6950,-124
6951,-121
6952,-138
6953,-141
6954,-141
6955,-143
6956,-131
6957,-119
6958,-116
6959,-114
6960,-114
6961,-121
6962,-124
6963,-116
6964,-102
6965,-90
6966,-85
6967,-82
6968,-72
6969,-68
6970,-75
6971,-85
6972,-82
6973,-75
6974,-70
6975,-58
6976,-46
6977,-48
6978,-46
6979,12
6980,223
6981,654
6982,1109
6983,961
6984,17
6985,-583
6986,-240
6987,21
6988,-141
6989,-148
6990,-53
6991,-85
6992,-99
6993,-60
6994,-58
6995,-70
6996,-63
6997,-51
6998,-53
6999,-58
7000,-48
7001,-41
7002,-46
7003,-43
7004,-38
7005,-46
7006,-58
7007,-63
7008,-72
7009,-87
7010,-102
7011,-116
7012,-124
7013,-124
7014,-119
7015,-104
7016,-97
7017,-133
7018,-177
7019,-172
7020,-155
7021,-163
7022,-155
7023,-143
7024,-145
7025,-145
7026,-133
7027,-128
7028,-131
7029,-124
7030,-119
7031,-133
7032,-136
7033,-124
7034,-124
7035,-124
7036,-114
7037,-116
7038,-119
7039,-111
7040,-107
7041,-107
7042,-102
7043,-97
7044,-99
7045,-99
7046,-90
7047,-87
7048,-94
7049,-99
7050,-87
7051,-63
7052,-36
7053,-26
7054,-36
7055,-51
7056,-63
7057,-58
7058,-43
7059,-38
7060,-36
7061,-34
7062,-38
7063,-41
7064,2
7065,172
7066,552
7067,1024
7068,1026
7069,189
7070,-540
7071,-311
7072,31
7073,-99
7074,-163
7075,-63
7076,-72
7077,-99
7078,-55
7079,-38
7080,-48
7081,-41
7082,-46
7083,-55
7084,-41
7085,-29
7086,-38
7087,-51
7088,-65
7089,-65
7090,-60
7091,-68
7092,-80
7093,-90
7094,-107
7095,-131
7096,-141
7097,-136
7098,-131
7099,-114
7100,-90
7101,-77
7102,-75
7103,-77
7104,-85
7105,-90
7106,-85
7107,-82
7108,-80
7109,-72
7110,-70
7111,-70
7112,-75
7113,-87
7114,-92
7115,-97
7116,-107
7117,-111
7118,-109
7119,-111
7120,-114
7121,-119
7122,-121
7123,-111
7124,-104
7125,-107
7126,-116
7127,-124
7128,-121
7129,-116
7130,-116
7131,-124
7132,-124
7133,-104
7134,-85
7135,-70
7136,-55
7137,-55
7138,-65
7139,-77
7140,-85
7141,-77
7142,-60
7143,-53
7144,-55
7145,-60
7146,-60
7147,-55
7148,29
7149,330
7150,820
7151,1039
7152,447
7153,-430
7154,-491
7155,-63
7156,-58
7157,-201
7158,-136
7159,-107
7160,-143
7161,-119
7162,-90
7163,-107
7164,-131
7165,-119
7166,-90
7167,-80
7168,-75
7169,-68
7170,-72
7171,-72
7172,-58
7173,-53
7174,-60
7175,-68
7176,-75
7177,-85
7178,-94
7179,-92
7180,-85
7181,-80
7182,-68
7183,-48
7184,-38
7185,-38
7186,-38
7187,-36
7188,-48
7189,-63
7190,-68
7191,-68
7192,-68
7193,-75
7194,-82
7195,-82
7196,-80
7197,-77
7198,-80
7199,-80
7200,-80
7201,-82
7202,-85
7203,-87
7204,-85
7205,-85
7206,-85
7207,-87
7208,-87
7209,-92
7210,-102
7211,-109
7212,-116
7213,-148
7214,-177
7215,-158
7216,-116
7217,-107
7218,-111
7219,-114
7220,-121
7221,-133
7222,-138
7223,-131
7224,-131
7225,-128
7226,-119
7227,-111
7228,-109
7229,-75
7230,60
7231,401
7232,854
7233,885
7234,138
7235,-571
7236,-413
7237,-68
7238,-153
7239,-226
7240,-133
7241,-131
7242,-160
7243,-124
7244,-97
7245,-102
7246,-90
7247,-75
7248,-70
7249,-60
7250,-46
7251,-38
7252,-41
7253,-41
7254,-43
7255,-53
7256,-60
7257,-55
7258,-60
7259,-80
7260,-82
7261,-77
7262,-77
7263,-63
7264,-43
7265,-36
7266,-36
7267,-34
7268,-41
7269,-48
7270,-46
7271,-48
7272,-58
7273,-55
7274,-43
7275,-34
7276,-26
7277,-31
7278,-48
7279,-58
7280,-68
7281,-70
7282,-65
7283,-65
7284,-75
7285,-82
7286,-92
7287,-107
7288,-102
7289,-94
7290,-107
7291,-114
7292,-109
7293,-104
7294,-107
7295,-97
7296,-72
7297,-58
7298,-51
7299,-48
7300,-58
7301,-72
7302,-80
7303,-85
7304,-82
7305,-82
7306,-87
7307,-90
7308,-97
7309,-107
7310,-31
7311,257
7312,703
7313,883
7314,340
7315,-437
7316,-484
7317,-111
7318,-116
7319,-245
7320,-175
7321,-141
7322,-180
7323,-155
7324,-114
7325,-116
7326,-111
7327,-87
7328,-75
7329,-75
7330,-68
7331,-58
7332,-51
7333,-43
7334,-38
7335,-43
7336,-46
7337,-38
7338,-46
7339,-60
7340,-65
7341,-63
7342,-63
7343,-68
7344,-75
7345,-72
7346,-55
7347,-55
7348,-70
7349,-80
7350,-85
7351,-87
7352,-80
7353,-70
7354,-68
7355,-60
7356,-51
7357,-46
7358,-43
7359,-46
7360,-46
7361,-46
7362,-51
7363,-51
7364,-43
7365,-46
7366,-53
7367,-55
7368,-60
7369,-63
7370,-65
7371,-70
7372,-70
7373,-63
7374,-46
7375,-26
7376,-12
7377,-24
7378,-43
7379,-58
7380,-68
7381,-63
7382,-63
7383,-72
7384,-70
7385,-77
7386,-109
7387,-99
7388,17
7389,309
7390,790
7391,1085
7392,559
7393,-386
7394,-545
7395,-114
7396,-77
7397,-233
7398,-172
7399,-124
7400,-158
7401,-136
7402,-104
7403,-114
7404,-116
7405,-99
7406,-87
7407,-77
7408,-70
7409,-75
7410,-92
7411,-97
7412,-90
7413,-90
7414,-99
7415,-114
7416,-131
7417,-143
7418,-150
7419,-153
7420,-145
7421,-133
7422,-121
7423,-102
7424,-82
7425,-77
7426,-80
7427,-85
7428,-90
7429,-90
7430,-90
7431,-77
7432,-60
7433,-51
7434,-53
7435,-48
7436,-43
7437,-41
7438,-36
7439,-36
7440,-38
7441,-36
7442,-41
7443,-48
7444,-46
7445,-43
7446,-60
7447,-72
7448,-70
7449,-70
7450,-68
7451,-63
7452,-75
7453,-85
7454,-87
7455,-99
7456,-104
7457,-80
7458,-55
7459,-60
7460,-72
7461,-75
7462,-80
7463,-77
7464,-72
7465,-75
7466,-80
7467,-75
7468,-75
7469,-60
7470,38
7471,333
7472,824
7473,1148
7474,661
7475,-318
7476,-549
7477,-138
7478,-97
7479,-265
7480,-197
7481,-143
7482,-197
7483,-184
7484,-145
7485,-153
7486,-155
7487,-141
7488,-141
7489,-128
7490,-109
7491,-102
7492,-97
7493,-97
7494,-99
7495,-92
7496,-87
7497,-92
7498,-97
7499,-111
7500,-128
7501,-128
7502,-121
7503,-114
7504,-97
7505,-80
7506,-75
7507,-72
7508,-70
7509,-70
7510,-82
7511,-102
7512,-107
7513,-94
7514,-85
7515,-72
7516,-58
7517,-53
7518,-55
7519,-58
7520,-51
7521,-43
7522,-38
7523,-41
7524,-53
7525,-85
7526,-102
7527,-90
7528,-82
7529,-87
7530,-87
7531,-82
7532,-82
7533,-77
7534,-75
7535,-72
7536,-72
7537,-70
7538,-65
7539,-60
7540,-58
7541,-68
7542,-94
7543,-109
7544,-102
7545,-94
7546,-94
7547,-97
7548,-99
7549,-97
7550,-80
7551,-65
7552,-46
7553,-38
7554,-53
7555,-65
7556,-65
7557,-70
7558,-68
7559,-55
7560,-55
7561,-53
7562,-46
7563,-43
7564,-9
7565,153
7566,523
7567,995
7568,1048
7569,255
7570,-520
7571,-352
7572,-14
7573,-153
7574,-233
7575,-138
7576,-150
7577,-180
7578,-133
7579,-116
7580,-121
7581,-109
7582,-99
7583,-94
7584,-87
7585,-77
7586,-65
7587,-53
7588,-53
7589,-60
7590,-58
7591,-55
7592,-60
7593,-68
7594,-80
7595,-92
7596,-102
7597,-99
7598,-92
7599,-77
7600,-65
7601,-80
7602,-99
7603,-92
7604,-85
7605,-94
7606,-104
7607,-128
7608,-153
7609,-136
7610,-111
7611,-107
7612,-97
7613,-90
7614,-97
7615,-92
7616,-75
7617,-70
7618,-68
7619,-68
7620,-72
7621,-72
7622,-68
7623,-65
7624,-63
7625,-65
7626,-70
7627,-68
7628,-65
7629,-63
7630,-58
7631,-53
7632,-60
7633,-70
7634,-72
7635,-68
7636,-63
7637,-63
7638,-70
7639,-77
7640,-77
7641,-65
7642,-55
7643,-60
7644,-68
7645,-65
7646,-60
7647,-58
7648,-53
7649,-51
7650,-58
7651,-68
7652,-70
7653,-70
7654,-77
7655,-82
7656,-82
7657,-80
7658,-80
7659,-82
7660,-77
7661,-70
7662,-72
7663,-77
7664,-80
7665,-87
7666,-85
7667,-63
7668,-41
7669,-29
7670,-26
7671,-34
7672,-48
7673,-68
7674,-99
7675,-107
7676,-94
7677,-114
7678,-133
7679,-114
7680,-107
7681,-107
7682,-51
7683,141
7684,542
7685,997
7686,910
7687,55
7688,-535
7689,-257
7690,-19
7691,-177
7692,-199
7693,-102
7694,-116
7695,-131
7696,-94
7697,-87
7698,-92
7699,-70
7700,-55
7701,-48
7702,-43
7703,-46
7704,-51
7705,-41
7706,-29
7707,-21
7708,-24
7709,-34
7710,-43
7711,-43
7712,-43
7713,-51
7714,-63
7715,-75
7716,-87
7717,-77
7718,-53
7719,-36
7720,-29
7721,-31
7722,-43
7723,-51
7724,-51
7725,-58
7726,-63
7727,-55
7728,-58
7729,-58
7730,-43
7731,-34
7732,-41
7733,-48
7734,-53
7735,-70
7736,-75
7737,-65
7738,-65
7739,-90
7740,-119
7741,-128
7742,-119
7743,-114
7744,-114
7745,-114
7746,-133
7747,-160
7748,-160
7749,-145
7750,-141
7751,-141
7752,-143
7753,-138
7754,-128
7755,-119
7756,-114
7757,-107
7758,-107
7759,-104
7760,-97
7761,-90
7762,-82
7763,-80
7764,-77
7765,-75
7766,-72
7767,-70
7768,-68
7769,-63
7770,-63
7771,-60
7772,-58
7773,-53
7774,-43
7775,-41
7776,-46
7777,-38
7778,-34
7779,-38
7780,-31
7781,-21
7782,-24
7783,-21
7784,-19
7785,-21
7786,-19
7787,-12
7788,-12
7789,-12
7790,-7
7791,-12
7792,-21
7793,-26
7794,-17
7795,-2
7796,4
7797,4
7798,0
7799,-17
7800,-34
7801,-41
7802,-41
7803,-38
7804,-38
7805,-55
7806,-80
7807,-77
7808,-63
7809,-53
7810,14
